序号,发射地省份,地市,区县,发射频率(千赫),发射功率(千瓦),节目
1,北京市,市辖区,朝阳区,720,200,中央人民广播电台对农广播
2,北京市,市辖区,朝阳区,1053,10,中央人民广播电台老年之声
3,北京市,市辖区,朝阳区,900,10,中国国际广播电台环球资讯广播
4,北京市,市辖区,朝阳区,828,50,北京人民广播电台新闻广播
5,北京市,市辖区,朝阳区,1026,50,北京人民广播电台城市服务管理广播
6,北京市,市辖区,朝阳区,603,25,北京人民广播电台故事广播
7,北京市,市辖区,朝阳区,774,10,北京人民广播电台外语广播
8,北京市,市辖区,朝阳区,927,25,北京人民广播电台青年广播
9,北京市,市辖区,崇文区,747,10,中央人民广播电台娱乐广播
10,北京市,市辖区,崇文区,846,10,中国国际广播电台英语资讯广播
11,北京市,市辖区,东城区,1008,10,中国国际广播电台外语教学广播
12,北京市,市辖区,东城区,1098,1,中央人民广播电台藏语广播/中央人民广播电台（维语）
13,北京市,市辖区,房山区,639,200,中央人民广播电台中国之声
14,北京市,市辖区,海淀区,1143,10,中央人民广播电台民族之声
15,北京市,市辖区,海淀区,1251,10,中国国际广播电台轻松调频
16,天津市,市辖区,滨海新区,1098,10,天津广播电视台文艺广播
17,天津市,市辖区,滨海新区,1386,20,天津广播电视台生活广播
18,天津市,市辖区,河东区,747,10,天津广播电视台滨海广播
19,天津市,市辖区,河东区,1008,10,天津广播电视台音乐广播
20,天津市,市辖区,西青区,909,50,天津广播电视台新闻广播
21,天津市,市辖区,西青区,1071,50,天津广播电视台经济广播
22,天津市,市辖区,西青区,567,10,天津广播电视台相声广播
23,天津市,市辖区,西青区,666,10,天津广播电视台小说广播
24,河北省,保定市,定州市,1143,1,定州市广播电视台
25,河北省,保定市,满城县,1467,10,保定人民广播电台新闻广播
26,河北省,保定市,满城县,1017,10,保定人民广播电台经济广播
27,河北省,保定市,市辖区,783,150,河北人民广播电台综合广播
28,河北省,保定市,市辖区,1125,10,河北人民广播电台经济广播
29,河北省,保定市,涿州市,1053,1,涿州市广播电视台
30,河北省,沧州市,泊头市,1188,1,泊头市广播电视台
31,河北省,沧州市,黄骅市,765,10,沧州人民广播电台综合广播
32,河北省,沧州市,任丘市,1287,1,任丘市广播电视台
33,河北省,沧州市,市辖区,1278,7.5,河北人民广播电台综合广播
34,河北省,沧州市,市辖区,693,3,沧州人民广播电台综合广播
35,河北省,沧州市,市辖区,990,10,沧州人民广播电台农业经济广播
36,河北省,沧州市,市辖区,801,1,沧州人民广播电台长书文艺广播
37,河北省,沧州市,市辖区,1206,10,沧州人民广播电台交通音乐广播
38,河北省,承德市,丰宁满族自治县,783,10,河北人民广播电台综合广播
39,河北省,承德市,平泉县,1278,1,河北人民广播电台综合广播
40,河北省,承德市,市辖区,1584,1,承德人民广播电台综合广播
41,河北省,承德市,双滦区,1359,10,中央人民广播电台中国之声
42,河北省,承德市,双滦区,783,20,河北人民广播电台综合广播
43,河北省,承德市,双滦区,1125,10,河北人民广播电台经济广播
44,河北省,承德市,围场满族蒙古族自治县,1278,1,河北人民广播电台综合广播
45,河北省,承德市,围场满族蒙古族自治县,756,1,中央人民广播电台中国之声
46,河北省,邯郸市,市辖区,783,50,河北人民广播电台综合广播
47,河北省,邯郸市,市辖区,963,10,邯郸人民广播电台新闻综合广播
48,河北省,邯郸市,市辖区,846,1,邯郸人民广播电台戏曲曲艺广播
49,河北省,邯郸市,市辖区,1125,10,河北人民广播电台经济广播
50,河北省,衡水市,市辖区,1278,10,河北人民广播电台综合广播
51,河北省,衡水市,市辖区,1098,3,衡水人民广播电台交通评书广播
52,河北省,衡水市,市辖区,954,1,衡水人民广播电台综合广播
53,河北省,廊坊市,市辖区,1278,20,河北人民广播电台综合广播
54,河北省,廊坊市,市辖区,1125,10,河北人民广播电台经济广播
55,河北省,廊坊市,市辖区,585,1,廊坊人民广播电台综合广播
56,河北省,廊坊市,市辖区,1521,1,廊坊人民广播电台戏曲广播
57,河北省,秦皇岛市,北戴河区,1359,10,中央人民广播电台中国之声
58,河北省,秦皇岛市,海港区,783,10,河北人民广播电台综合广播
59,河北省,秦皇岛市,海港区,1125,10,河北人民广播电台经济广播
60,河北省,秦皇岛市,海港区,990,1,秦皇岛人民广播电台综合广播
61,河北省,石家庄市,桥东区,882,10,石家庄人民广播电台综合广播
62,河北省,石家庄市,桥东区,1251,1,石家庄人民广播电台农村广播
63,河北省,石家庄市,辛集市,1485,1,辛集市广播电视台
64,河北省,石家庄市,元氏县,981,10,中央人民广播电台中国之声
65,河北省,石家庄市,元氏县,1278,10,河北人民广播电台综合广播
66,河北省,石家庄市,元氏县,1125,10,河北人民广播电台经济广播
67,河北省,石家庄市,元氏县,747,10,河北人民广播电台生活广播
68,河北省,石家庄市,元氏县,900,10,河北人民广播电台文艺广播
69,河北省,石家庄市,元氏县,1521,1,河北人民广播电台旅游文化广播
70,河北省,石家庄市,元氏县,558,3,河北人民广播电台农民广播
71,河北省,石家庄市,元氏县,603,1,河北人民广播电台交通广播
72,河北省,唐山市,开平区,1278,10,河北人民广播电台综合广播
73,河北省,唐山市,开平区,1143,10,河北人民广播电台交通音乐广播
74,河北省,唐山市,开平区,684,10,唐山人民广播电台综合广播
75,河北省,唐山市,开平区,900,3,唐山人民广播电台曹妃甸之声广播
76,河北省,邢台市,南宫市,1557,1,南宫市广播电视台
77,河北省,邢台市,沙河市,1053,1,沙河市广播电视台
78,河北省,邢台市,市辖区,1278,3,河北人民广播电台综合广播
79,河北省,邢台市,市辖区,1188,1,邢台人民广播电台综合广播
80,河北省,邢台市,市辖区,927,1,邢台市人民广播电台经济生活广播
81,河北省,张家口市,沽源县,783,10,河北人民广播电台综合广播
82,河北省,张家口市,康保县,783,10,河北人民广播电台综合广播
83,河北省,张家口市,桥西区,1566,1,张家口人民广播电台综合广播
84,河北省,张家口市,宣化县,1278,20,河北人民广播电台综合广播
85,河北省,张家口市,张北县,1278,10,河北人民广播电台综合广播
86,山西省,长治市,长治县,981,10,中央人民广播电台中国之声
87,山西省,长治市,长治县,846,7.5,山西广播电视台综合广播
88,山西省,长治市,长治县,1584,10,长治市广播电视台广播
89,山西省,长治市,长治县,1098,10,山西广播电视台农村广播
90,山西省,长治市,沁县,1035,1,中央人民广播电台中国之声
91,山西省,大同市,市辖区,1035,10,中央人民广播电台中国之声
92,山西省,大同市,市辖区,819,10,山西广播电视台综合广播
93,山西省,大同市,市辖区,900,10,大同市广播电视台新闻综合广播
94,山西省,大同市,市辖区,1503,10,山西广播电视台农村广播
95,山西省,大同市,阳高县,1269,1,山西广播电视台综合广播
96,山西省,晋城市,城区,747,10,中央人民广播电台中国之声
97,山西省,晋城市,城区,819,1,山西广播电视台综合广播
98,山西省,晋城市,城区,585,1,晋城市广播电视台综合广播
99,山西省,晋城市,城区,1503,10,山西广播电视台农村广播
100,山西省,晋中市,和顺县,846,1,山西广播电视台综合广播
101,山西省,晋中市,昔阳县,540,1,中央人民广播电台中国之声
102,山西省,晋中市,昔阳县,1269,1,山西广播电视台综合广播
103,山西省,晋中市,榆次区,819,150,山西广播电视台综合广播
104,山西省,晋中市,榆次区,612,30,山西广播电视台农村广播
105,山西省,晋中市,榆次区,1530,10,晋中人民广播电台综合广播
106,山西省,临汾市,市辖区,540,10,中央人民广播电台中国之声
107,山西省,临汾市,市辖区,1269,10,山西广播电视台综合广播
108,山西省,临汾市,市辖区,1422,10,山西广播电视台农村广播
109,山西省,吕梁市,离石区,981,10,中央人民广播电台中国之声
110,山西省,吕梁市,离石区,846,10,山西广播电视台综合广播
111,山西省,吕梁市,离石区,747,10,山西广播电视台农村广播
112,山西省,朔州市,朔城区,846,10,山西广播电视台综合广播
113,山西省,朔州市,朔城区,1485,1,朔州市广播电视台综合广播
114,山西省,朔州市,朔城区,1206,10,山西广播电视台农村广播
115,山西省,太原市,清徐县,1422,10,太原广播电视台综合广播
116,山西省,忻州市,市辖区,540,10,中央人民广播电台中国之声
117,山西省,忻州市,市辖区,1008,10,山西广播电视台农村广播
118,山西省,阳泉市,市辖区,981,10,中央人民广播电台中国之声
119,山西省,阳泉市,市辖区,846,7.5,山西广播电视台综合广播
120,山西省,阳泉市,市辖区,1485,1,阳泉市广播电视台综合广播
121,山西省,阳泉市,市辖区,603,1,阳泉市广播电视台经济广播
122,山西省,阳泉市,市辖区,1098,10,山西广播电视台农村广播
123,山西省,运城市,市辖区,1035,10,中央人民广播电台中国之声
124,山西省,运城市,盐湖区,819,7.5,山西广播电视台综合广播
125,山西省,运城市,盐湖区,1566,1,运城人民广播电台综合广播
126,山西省,运城市,盐湖区,1503,10,山西广播电视台农村广播
127,内蒙古自治区,阿拉善盟,阿拉善右旗,549,1,中央人民广播电台中国之声
128,内蒙古自治区,阿拉善盟,阿拉善右旗,1305,1,中央人民广播电台民族之声
129,内蒙古自治区,阿拉善盟,阿拉善右旗,1458,1,内蒙古人民广播电台蒙语新闻综合广播
130,内蒙古自治区,阿拉善盟,阿拉善右旗,675,1,内蒙古人民广播电台汉语新闻综合广播
131,内蒙古自治区,阿拉善盟,阿拉善右旗,1044,10,内蒙古人民广播电台农村牧区广播
132,内蒙古自治区,阿拉善盟,阿拉善左旗,549,1,中央人民广播电台中国之声
133,内蒙古自治区,阿拉善盟,阿拉善左旗,855,1,中央人民广播电台经济之声
134,内蒙古自治区,阿拉善盟,阿拉善左旗,1305,1,中央人民广播电台民族之声
135,内蒙古自治区,阿拉善盟,阿拉善左旗,675,1,内蒙古人民广播电台汉语新闻综合广播
136,内蒙古自治区,阿拉善盟,阿拉善左旗,1044,10,内蒙古人民广播电台农村牧区广播
137,内蒙古自治区,阿拉善盟,阿拉善左旗,1170,10,阿拉善盟广播电视台综合广播
138,内蒙古自治区,阿拉善盟,阿拉善左旗,945,10,阿拉善盟广播电视台蒙语综合广播
139,内蒙古自治区,阿拉善盟,阿拉善左旗,1458,1,内蒙古人民广播电台蒙语新闻综合广播
140,内蒙古自治区,阿拉善盟,额济纳旗,549,1,中央人民广播电台中国之声
141,内蒙古自治区,阿拉善盟,额济纳旗,1305,1,中央人民广播电台民族之声
142,内蒙古自治区,阿拉善盟,额济纳旗,1458,1,内蒙古人民广播电台蒙语新闻综合广播
143,内蒙古自治区,阿拉善盟,额济纳旗,675,1,内蒙古人民广播电台汉语新闻综合广播
144,内蒙古自治区,阿拉善盟,额济纳旗,1044,10,内蒙古人民广播电台农村牧区广播
145,内蒙古自治区,巴彦淖尔市,临河区,549,1,中央人民广播电台中国之声
146,内蒙古自治区,巴彦淖尔市,临河区,1305,10,中央人民广播电台民族之声
147,内蒙古自治区,巴彦淖尔市,临河区,1458,1,内蒙古人民广播电台蒙语新闻综合广播
148,内蒙古自治区,巴彦淖尔市,临河区,1044,10,内蒙古人民广播电台农村牧区广播
149,内蒙古自治区,巴彦淖尔市,临河区,1170,10,巴彦淖尔市广播电视台综合广播
150,内蒙古自治区,巴彦淖尔市,临河区,675,10,内蒙古人民广播电台汉语新闻综合广播
151,内蒙古自治区,巴彦淖尔市,乌拉特后旗,549,1,中央人民广播电台中国之声
152,内蒙古自治区,巴彦淖尔市,乌拉特后旗,1305,1,中央人民广播电台民族之声
153,内蒙古自治区,巴彦淖尔市,乌拉特后旗,1458,1,内蒙古人民广播电台蒙语新闻综合广播
154,内蒙古自治区,巴彦淖尔市,乌拉特后旗,675,1,内蒙古人民广播电台汉语新闻综合广播
155,内蒙古自治区,巴彦淖尔市,乌拉特后旗,1044,10,内蒙古人民广播电台农村牧区广播
156,内蒙古自治区,巴彦淖尔市,乌拉特中旗,549,10,中央人民广播电台中国之声
157,内蒙古自治区,巴彦淖尔市,乌拉特中旗,1305,10,中央人民广播电台民族之声
158,内蒙古自治区,巴彦淖尔市,乌拉特中旗,1458,10,内蒙古人民广播电台蒙语新闻综合广播
159,内蒙古自治区,巴彦淖尔市,乌拉特中旗,675,10,内蒙古人民广播电台汉语新闻综合广播
160,内蒙古自治区,巴彦淖尔市,乌拉特中旗,1044,10,内蒙古人民广播电台农村牧区广播
161,内蒙古自治区,包头市,达尔罕茂明安联合旗,549,10,中央人民广播电台中国之声
162,内蒙古自治区,包头市,达尔罕茂明安联合旗,1305,10,中央人民广播电台民族之声
163,内蒙古自治区,包头市,达尔罕茂明安联合旗,1458,10,内蒙古人民广播电台蒙语新闻综合广播
164,内蒙古自治区,包头市,达尔罕茂明安联合旗,675,10,内蒙古人民广播电台汉语新闻综合广播
165,内蒙古自治区,包头市,达尔罕茂明安联合旗,1044,10,内蒙古人民广播电台农村牧区广播
166,内蒙古自治区,包头市,昆都仑区,549,1,中央人民广播电台中国之声
167,内蒙古自治区,包头市,昆都仑区,855,1,中央人民广播电台经济之声
168,内蒙古自治区,包头市,昆都仑区,1305,10,中央人民广播电台民族之声
169,内蒙古自治区,包头市,昆都仑区,1458,1,内蒙古人民广播电台蒙语新闻综合广播
170,内蒙古自治区,包头市,昆都仑区,675,10,内蒙古人民广播电台汉语新闻综合广播
171,内蒙古自治区,包头市,昆都仑区,1044,10,内蒙古人民广播电台农村牧区广播
172,内蒙古自治区,包头市,昆都仑区,747,10,包头市广播电视台综合广播
173,内蒙古自治区,赤峰市,阿鲁科尔沁旗,549,10,中央人民广播电台中国之声
174,内蒙古自治区,赤峰市,阿鲁科尔沁旗,1305,10,中央人民广播电台民族之声
175,内蒙古自治区,赤峰市,阿鲁科尔沁旗,1044,10,内蒙古人民广播电台农村牧区广播
176,内蒙古自治区,赤峰市,阿鲁科尔沁旗,747,1,赤峰市广播电视台综合广播
177,内蒙古自治区,赤峰市,阿鲁科尔沁旗,1170,10,赤峰市广播电视台蒙语广播
178,内蒙古自治区,赤峰市,敖汉旗,1305,1,中央人民广播电台民族之声
179,内蒙古自治区,赤峰市,敖汉旗,675,1,内蒙古人民广播电台汉语新闻综合广播
180,内蒙古自治区,赤峰市,敖汉旗,1044,10,内蒙古人民广播电台农村牧区广播
181,内蒙古自治区,赤峰市,敖汉旗,747,1,赤峰市广播电视台综合广播
182,内蒙古自治区,赤峰市,巴林右旗,549,10,中央人民广播电台中国之声
183,内蒙古自治区,赤峰市,巴林右旗,1305,10,中央人民广播电台民族之声
184,内蒙古自治区,赤峰市,巴林右旗,1044,10,内蒙古人民广播电台农村牧区广播
185,内蒙古自治区,赤峰市,巴林右旗,747,1,赤峰市广播电视台综合广播
186,内蒙古自治区,赤峰市,巴林右旗,1170,50,赤峰市广播电视台蒙语广播
187,内蒙古自治区,赤峰市,巴林左旗,1305,1,中央人民广播电台民族之声
188,内蒙古自治区,赤峰市,巴林左旗,675,1,内蒙古人民广播电台汉语新闻综合广播
189,内蒙古自治区,赤峰市,巴林左旗,1044,10,内蒙古人民广播电台农村牧区广播
190,内蒙古自治区,赤峰市,巴林左旗,747,1,赤峰市广播电视台综合广播
191,内蒙古自治区,赤峰市,克什克腾旗,549,3,中央人民广播电台中国之声
192,内蒙古自治区,赤峰市,克什克腾旗,1305,3,中央人民广播电台民族之声
193,内蒙古自治区,赤峰市,克什克腾旗,1044,10,内蒙古人民广播电台农村牧区广播
194,内蒙古自治区,赤峰市,克什克腾旗,747,3,赤峰市广播电视台综合广播
195,内蒙古自治区,赤峰市,克什克腾旗,1170,3,赤峰市广播电视台蒙语广播
196,内蒙古自治区,赤峰市,克什克腾旗,855,3,中央人民广播电台经济之声
197,内蒙古自治区,赤峰市,克什克腾旗,675,3,内蒙古人民广播电台汉语新闻综合广播
198,内蒙古自治区,赤峰市,克什克腾旗,1458,3,内蒙古人民广播电台蒙语新闻综合广播
199,内蒙古自治区,赤峰市,林西县,1305,1,中央人民广播电台民族之声
200,内蒙古自治区,赤峰市,林西县,675,1,内蒙古人民广播电台汉语新闻综合广播
201,内蒙古自治区,赤峰市,林西县,1044,10,内蒙古人民广播电台农村牧区广播
202,内蒙古自治区,赤峰市,林西县,747,1,赤峰市广播电视台综合广播
203,内蒙古自治区,赤峰市,宁城县,1305,1,中央人民广播电台民族之声
204,内蒙古自治区,赤峰市,宁城县,675,1,内蒙古人民广播电台汉语新闻综合广播
205,内蒙古自治区,赤峰市,宁城县,1044,10,内蒙古人民广播电台农村牧区广播
206,内蒙古自治区,赤峰市,宁城县,747,1,赤峰市广播电视台综合广播
207,内蒙古自治区,赤峰市,松山区,549,10,中央人民广播电台中国之声
208,内蒙古自治区,赤峰市,松山区,855,1,中央人民广播电台经济之声
209,内蒙古自治区,赤峰市,松山区,1305,10,中央人民广播电台民族之声
210,内蒙古自治区,赤峰市,松山区,675,1,内蒙古人民广播电台汉语新闻综合广播
211,内蒙古自治区,赤峰市,松山区,1044,10,内蒙古人民广播电台农村牧区广播
212,内蒙古自治区,赤峰市,松山区,747,10,赤峰市广播电视台综合广播
213,内蒙古自治区,赤峰市,松山区,1170,10,赤峰市广播电视台蒙语广播
214,内蒙古自治区,赤峰市,翁牛特旗,549,10,中央人民广播电台中国之声
215,内蒙古自治区,赤峰市,翁牛特旗,1305,10,中央人民广播电台民族之声
216,内蒙古自治区,赤峰市,翁牛特旗,1044,10,内蒙古人民广播电台农村牧区广播
217,内蒙古自治区,赤峰市,翁牛特旗,747,10,赤峰市广播电视台综合广播
218,内蒙古自治区,赤峰市,翁牛特旗,1170,1,赤峰市广播电视台蒙语广播
219,内蒙古自治区,鄂尔多斯市,东胜区,549,1,中央人民广播电台中国之声
220,内蒙古自治区,鄂尔多斯市,东胜区,855,1,中央人民广播电台经济之声
221,内蒙古自治区,鄂尔多斯市,东胜区,1305,10,中央人民广播电台民族之声
222,内蒙古自治区,鄂尔多斯市,东胜区,1458,1,内蒙古人民广播电台蒙语新闻综合广播
223,内蒙古自治区,鄂尔多斯市,东胜区,675,1,内蒙古人民广播电台汉语新闻综合广播
224,内蒙古自治区,鄂尔多斯市,东胜区,1044,10,内蒙古人民广播电台农村牧区广播
225,内蒙古自治区,鄂尔多斯市,东胜区,945,10,鄂尔多斯市广播电视台蒙语综合广播
226,内蒙古自治区,鄂尔多斯市,东胜区,1170,10,鄂尔多斯市广播电视台汉语综合广播
227,内蒙古自治区,鄂尔多斯市,鄂托克旗,549,10,中央人民广播电台中国之声
228,内蒙古自治区,鄂尔多斯市,鄂托克旗,1305,10,中央人民广播电台民族之声
229,内蒙古自治区,鄂尔多斯市,鄂托克旗,1458,10,内蒙古人民广播电台蒙语新闻综合广播
230,内蒙古自治区,鄂尔多斯市,鄂托克旗,675,10,内蒙古人民广播电台汉语新闻综合广播
231,内蒙古自治区,鄂尔多斯市,鄂托克旗,1044,10,内蒙古人民广播电台农村牧区广播
232,内蒙古自治区,鄂尔多斯市,鄂托克旗,945,10,鄂尔多斯市广播电视台蒙语综合广播
233,内蒙古自治区,鄂尔多斯市,杭锦旗,549,1,中央人民广播电台中国之声
234,内蒙古自治区,鄂尔多斯市,杭锦旗,1305,1,中央人民广播电台民族之声
235,内蒙古自治区,鄂尔多斯市,杭锦旗,675,1,内蒙古人民广播电台汉语新闻综合广播
236,内蒙古自治区,鄂尔多斯市,杭锦旗,1044,10,内蒙古人民广播电台农村牧区广播
237,内蒙古自治区,鄂尔多斯市,乌审旗,549,1,中央人民广播电台中国之声
238,内蒙古自治区,鄂尔多斯市,乌审旗,1305,1,中央人民广播电台民族之声
239,内蒙古自治区,鄂尔多斯市,乌审旗,1044,10,内蒙古人民广播电台农村牧区广播
240,内蒙古自治区,鄂尔多斯市,乌审旗,675,1,内蒙古人民广播电台汉语新闻综合广播
241,内蒙古自治区,呼和浩特市,土默特左旗,549,10,中央人民广播电台中国之声
242,内蒙古自治区,呼和浩特市,土默特左旗,855,10,中央人民广播电台经济之声
243,内蒙古自治区,呼和浩特市,土默特左旗,1305,10,中央人民广播电台民族之声
244,内蒙古自治区,呼和浩特市,土默特左旗,1458,200,内蒙古人民广播电台蒙语新闻综合广播
245,内蒙古自治区,呼和浩特市,土默特左旗,675,200,内蒙古人民广播电台汉语新闻综合广播
246,内蒙古自治区,呼和浩特市,土默特左旗,1044,10,内蒙古人民广播电台农村牧区广播
247,内蒙古自治区,呼和浩特市,土默特左旗,945,10,呼和浩特市广播电视台综合广播
248,内蒙古自治区,呼伦贝尔市,额尔古纳市,549,1,中央人民广播电台中国之声
249,内蒙古自治区,呼伦贝尔市,额尔古纳市,1305,10,中央人民广播电台民族之声
250,内蒙古自治区,呼伦贝尔市,额尔古纳市,1458,10,内蒙古人民广播电台蒙语新闻综合广播
251,内蒙古自治区,呼伦贝尔市,额尔古纳市,675,1,内蒙古人民广播电台汉语新闻综合广播
252,内蒙古自治区,呼伦贝尔市,额尔古纳市,1044,10,内蒙古人民广播电台农村牧区广播
253,内蒙古自治区,呼伦贝尔市,鄂伦春自治旗,549,10,中央人民广播电台中国之声
254,内蒙古自治区,呼伦贝尔市,鄂伦春自治旗,855,10,中央人民广播电台经济之声
255,内蒙古自治区,呼伦贝尔市,鄂伦春自治旗,1305,10,中央人民广播电台民族之声
256,内蒙古自治区,呼伦贝尔市,鄂伦春自治旗,1458,1,内蒙古人民广播电台蒙语新闻综合广播
257,内蒙古自治区,呼伦贝尔市,鄂伦春自治旗,675,1,内蒙古人民广播电台汉语新闻综合广播
258,内蒙古自治区,呼伦贝尔市,鄂伦春自治旗,1044,10,内蒙古人民广播电台农村牧区广播
259,内蒙古自治区,呼伦贝尔市,根河市,549,1,中央人民广播电台中国之声
260,内蒙古自治区,呼伦贝尔市,根河市,1305,1,中央人民广播电台民族之声
261,内蒙古自治区,呼伦贝尔市,根河市,675,10,内蒙古人民广播电台汉语新闻综合广播
262,内蒙古自治区,呼伦贝尔市,根河市,1044,10,内蒙古人民广播电台农村牧区广播
263,内蒙古自治区,呼伦贝尔市,海拉尔区,855,1,中央人民广播电台经济之声
264,内蒙古自治区,呼伦贝尔市,海拉尔区,1458,1,内蒙古人民广播电台蒙语新闻综合广播
265,内蒙古自治区,呼伦贝尔市,海拉尔区,675,1,内蒙古人民广播电台汉语新闻综合广播
266,内蒙古自治区,呼伦贝尔市,海拉尔区,1044,10,内蒙古人民广播电台农村牧区广播
267,内蒙古自治区,呼伦贝尔市,海拉尔区,1305,10,中央人民广播电台民族之声
268,内蒙古自治区,呼伦贝尔市,海拉尔区,549,10,中央人民广播电台中国之声
269,内蒙古自治区,呼伦贝尔市,海拉尔区,954,50,呼伦贝尔市广播电视台蒙语综合广播
270,内蒙古自治区,呼伦贝尔市,海拉尔区,1170,50,呼伦贝尔市广播电视台汉语综合广播
271,内蒙古自治区,呼伦贝尔市,满洲里市,549,1,中央人民广播电台中国之声
272,内蒙古自治区,呼伦贝尔市,满洲里市,855,1,中央人民广播电台经济之声
273,内蒙古自治区,呼伦贝尔市,满洲里市,1305,1,中央人民广播电台民族之声
274,内蒙古自治区,呼伦贝尔市,满洲里市,1458,1,内蒙古人民广播电台蒙语新闻综合广播
275,内蒙古自治区,呼伦贝尔市,满洲里市,675,10,内蒙古人民广播电台汉语新闻综合广播
276,内蒙古自治区,呼伦贝尔市,满洲里市,1044,10,内蒙古人民广播电台农村牧区广播
277,内蒙古自治区,呼伦贝尔市,满洲里市,1170,1,满洲里市广播电视台广播节目
278,内蒙古自治区,呼伦贝尔市,莫力达瓦达斡尔族自治旗,549,1,中央人民广播电台中国之声
279,内蒙古自治区,呼伦贝尔市,莫力达瓦达斡尔族自治旗,1305,1,中央人民广播电台民族之声
280,内蒙古自治区,呼伦贝尔市,莫力达瓦达斡尔族自治旗,675,1,内蒙古人民广播电台汉语新闻综合广播
281,内蒙古自治区,呼伦贝尔市,莫力达瓦达斡尔族自治旗,1044,10,内蒙古人民广播电台农村牧区广播
282,内蒙古自治区,呼伦贝尔市,新巴尔虎右旗,549,1,中央人民广播电台中国之声
283,内蒙古自治区,呼伦贝尔市,新巴尔虎右旗,1305,10,中央人民广播电台民族之声
284,内蒙古自治区,呼伦贝尔市,新巴尔虎右旗,1458,1,内蒙古人民广播电台蒙语新闻综合广播
285,内蒙古自治区,呼伦贝尔市,新巴尔虎右旗,675,10,内蒙古人民广播电台汉语新闻综合广播
286,内蒙古自治区,呼伦贝尔市,新巴尔虎右旗,1044,10,内蒙古人民广播电台农村牧区广播
287,内蒙古自治区,呼伦贝尔市,新巴尔虎左旗,549,1,中央人民广播电台中国之声
288,内蒙古自治区,呼伦贝尔市,新巴尔虎左旗,1305,1,中央人民广播电台民族之声
289,内蒙古自治区,呼伦贝尔市,新巴尔虎左旗,1458,1,内蒙古人民广播电台蒙语新闻综合广播
290,内蒙古自治区,呼伦贝尔市,新巴尔虎左旗,675,1,内蒙古人民广播电台汉语新闻综合广播
291,内蒙古自治区,呼伦贝尔市,新巴尔虎左旗,1044,10,内蒙古人民广播电台农村牧区广播
292,内蒙古自治区,呼伦贝尔市,牙克石市,549,1,中央人民广播电台中国之声
293,内蒙古自治区,呼伦贝尔市,牙克石市,855,1,中央人民广播电台经济之声
294,内蒙古自治区,呼伦贝尔市,牙克石市,1305,1,中央人民广播电台民族之声
295,内蒙古自治区,呼伦贝尔市,牙克石市,1458,1,内蒙古人民广播电台蒙语新闻综合广播
296,内蒙古自治区,呼伦贝尔市,牙克石市,675,1,内蒙古人民广播电台汉语新闻综合广播
297,内蒙古自治区,呼伦贝尔市,牙克石市,1044,10,内蒙古人民广播电台农村牧区广播
298,内蒙古自治区,呼伦贝尔市,牙克石市,1170,1,牙克石市广播电视台广播节目
299,内蒙古自治区,呼伦贝尔市,扎兰屯市,549,1,中央人民广播电台中国之声
300,内蒙古自治区,呼伦贝尔市,扎兰屯市,855,1,中央人民广播电台经济之声
301,内蒙古自治区,呼伦贝尔市,扎兰屯市,1305,1,中央人民广播电台民族之声
302,内蒙古自治区,呼伦贝尔市,扎兰屯市,1458,1,内蒙古人民广播电台蒙语新闻综合广播
303,内蒙古自治区,呼伦贝尔市,扎兰屯市,675,10,内蒙古人民广播电台汉语新闻综合广播
304,内蒙古自治区,呼伦贝尔市,扎兰屯市,1044,10,内蒙古人民广播电台农村牧区广播
305,内蒙古自治区,呼伦贝尔市,扎兰屯市,1170,1,扎兰屯市广播电视台广播节目
306,内蒙古自治区,通辽市,开鲁县,549,1,中央人民广播电台中国之声
307,内蒙古自治区,通辽市,开鲁县,1305,1,中央人民广播电台民族之声
308,内蒙古自治区,通辽市,开鲁县,675,1,内蒙古人民广播电台汉语新闻综合广播
309,内蒙古自治区,通辽市,开鲁县,1044,10,内蒙古人民广播电台农村牧区广播
310,内蒙古自治区,通辽市,科尔沁区,855,1,中央人民广播电台经济之声
311,内蒙古自治区,通辽市,科尔沁区,1458,1,内蒙古人民广播电台蒙语新闻综合广播
312,内蒙古自治区,通辽市,科尔沁区,675,1,内蒙古人民广播电台汉语新闻综合广播
313,内蒙古自治区,通辽市,科尔沁区,954,1,通辽市广播电视台交通文艺广播
314,内蒙古自治区,通辽市,科尔沁左翼中旗,549,10,中央人民广播电台中国之声
315,内蒙古自治区,通辽市,科尔沁左翼中旗,1305,10,中央人民广播电台民族之声
316,内蒙古自治区,通辽市,科尔沁左翼中旗,1044,10,内蒙古人民广播电台农村牧区广播
317,内蒙古自治区,通辽市,科尔沁左翼中旗,747,10,通辽市广播电视台汉语综合广播
318,内蒙古自治区,通辽市,科尔沁左翼中旗,1170,50,通辽市广播电视台蒙语综合广播
319,内蒙古自治区,通辽市,科尔沁左翼中旗,549,1,中央人民广播电台中国之声
320,内蒙古自治区,通辽市,科尔沁左翼中旗,1305,1,中央人民广播电台民族之声
321,内蒙古自治区,通辽市,科尔沁左翼中旗,1458,1,内蒙古人民广播电台蒙语新闻综合广播
322,内蒙古自治区,通辽市,科尔沁左翼中旗,675,1,内蒙古人民广播电台汉语新闻综合广播
323,内蒙古自治区,通辽市,科尔沁左翼中旗,1044,10,内蒙古人民广播电台农村牧区广播
324,内蒙古自治区,通辽市,库伦旗,549,1,中央人民广播电台中国之声
325,内蒙古自治区,通辽市,库伦旗,1305,1,中央人民广播电台民族之声
326,内蒙古自治区,通辽市,库伦旗,675,1,内蒙古人民广播电台汉语新闻综合广播
327,内蒙古自治区,通辽市,库伦旗,1044,10,内蒙古人民广播电台农村牧区广播
328,内蒙古自治区,通辽市,奈曼旗,549,1,中央人民广播电台中国之声
329,内蒙古自治区,通辽市,奈曼旗,1305,1,中央人民广播电台民族之声
330,内蒙古自治区,通辽市,奈曼旗,1458,1,内蒙古人民广播电台蒙语新闻综合广播
331,内蒙古自治区,通辽市,奈曼旗,1044,10,内蒙古人民广播电台农村牧区广播
332,内蒙古自治区,通辽市,扎鲁特旗,549,1,中央人民广播电台中国之声
333,内蒙古自治区,通辽市,扎鲁特旗,1305,1,中央人民广播电台民族之声
334,内蒙古自治区,通辽市,扎鲁特旗,1458,10,内蒙古人民广播电台蒙语新闻综合广播
335,内蒙古自治区,通辽市,扎鲁特旗,675,1,内蒙古人民广播电台汉语新闻综合广播
336,内蒙古自治区,通辽市,扎鲁特旗,1044,10,内蒙古人民广播电台农村牧区广播
337,内蒙古自治区,乌海市,市辖区,549,3,中央人民广播电台中国之声
338,内蒙古自治区,乌海市,市辖区,855,1,中央人民广播电台经济之声
339,内蒙古自治区,乌海市,市辖区,1305,10,中央人民广播电台民族之声
340,内蒙古自治区,乌海市,市辖区,675,3,内蒙古人民广播电台汉语新闻综合广播
341,内蒙古自治区,乌海市,市辖区,1044,10,内蒙古人民广播电台农村牧区广播
342,内蒙古自治区,乌海市,市辖区,747,3,乌海市广播电视台综合广播
343,内蒙古自治区,乌海市,市辖区,1458,3,内蒙古人民广播电台蒙语新闻综合广播
344,内蒙古自治区,乌兰察布市,集宁市,549,1,中央人民广播电台中国之声
345,内蒙古自治区,乌兰察布市,集宁市,855,1,中央人民广播电台经济之声
346,内蒙古自治区,乌兰察布市,集宁市,1305,1,中央人民广播电台民族之声
347,内蒙古自治区,乌兰察布市,集宁市,1458,1,内蒙古人民广播电台蒙语新闻综合广播
348,内蒙古自治区,乌兰察布市,集宁市,675,1,内蒙古人民广播电台汉语新闻综合广播
349,内蒙古自治区,乌兰察布市,集宁市,1044,10,内蒙古人民广播电台农村牧区广播
350,内蒙古自治区,乌兰察布市,集宁市,1170,10,乌兰察布市广播电视台蒙语综合广播
351,内蒙古自治区,乌兰察布市,集宁市,747,10,乌兰察布市广播电视台汉语综合广播
352,内蒙古自治区,乌兰察布市,四子王旗,549,10,中央人民广播电台中国之声
353,内蒙古自治区,乌兰察布市,四子王旗,1305,10,中央人民广播电台民族之声
354,内蒙古自治区,乌兰察布市,四子王旗,1458,10,内蒙古人民广播电台蒙语新闻综合广播
355,内蒙古自治区,乌兰察布市,四子王旗,1044,10,内蒙古人民广播电台农村牧区广播
356,内蒙古自治区,锡林郭勒盟,东乌珠穆沁旗,549,1,中央人民广播电台中国之声
357,内蒙古自治区,锡林郭勒盟,东乌珠穆沁旗,855,1,中央人民广播电台经济之声
358,内蒙古自治区,锡林郭勒盟,东乌珠穆沁旗,1305,1,中央人民广播电台民族之声
359,内蒙古自治区,锡林郭勒盟,东乌珠穆沁旗,1458,10,内蒙古人民广播电台蒙语新闻综合广播
360,内蒙古自治区,锡林郭勒盟,东乌珠穆沁旗,675,10,内蒙古人民广播电台汉语新闻综合广播
361,内蒙古自治区,锡林郭勒盟,东乌珠穆沁旗,1044,10,内蒙古人民广播电台农村牧区广播
362,内蒙古自治区,锡林郭勒盟,东乌珠穆沁旗,549,10,中央人民广播电台中国之声
363,内蒙古自治区,锡林郭勒盟,东乌珠穆沁旗,1305,10,中央人民广播电台民族之声
364,内蒙古自治区,锡林郭勒盟,东乌珠穆沁旗,1458,10,内蒙古人民广播电台蒙语新闻综合广播
365,内蒙古自治区,锡林郭勒盟,东乌珠穆沁旗,1044,10,内蒙古人民广播电台农村牧区广播
366,内蒙古自治区,锡林郭勒盟,二连浩特市,549,1,中央人民广播电台中国之声
367,内蒙古自治区,锡林郭勒盟,二连浩特市,855,1,中央人民广播电台经济之声
368,内蒙古自治区,锡林郭勒盟,二连浩特市,1305,1,中央人民广播电台民族之声
369,内蒙古自治区,锡林郭勒盟,二连浩特市,1458,1,内蒙古人民广播电台蒙语新闻综合广播
370,内蒙古自治区,锡林郭勒盟,二连浩特市,675,1,内蒙古人民广播电台汉语新闻综合广播
371,内蒙古自治区,锡林郭勒盟,二连浩特市,1044,10,内蒙古人民广播电台农村牧区广播
372,内蒙古自治区,锡林郭勒盟,苏尼特右旗,549,10,中央人民广播电台中国之声
373,内蒙古自治区,锡林郭勒盟,苏尼特右旗,855,10,中央人民广播电台经济之声
374,内蒙古自治区,锡林郭勒盟,苏尼特右旗,1305,10,中央人民广播电台民族之声
375,内蒙古自治区,锡林郭勒盟,苏尼特右旗,1458,10,内蒙古人民广播电台蒙语新闻综合广播
376,内蒙古自治区,锡林郭勒盟,苏尼特右旗,675,10,内蒙古人民广播电台汉语新闻综合广播
377,内蒙古自治区,锡林郭勒盟,苏尼特右旗,1044,10,内蒙古人民广播电台农村牧区广播
378,内蒙古自治区,锡林郭勒盟,锡林浩特市,549,10,中央人民广播电台中国之声
379,内蒙古自治区,锡林郭勒盟,锡林浩特市,855,1,中央人民广播电台经济之声
380,内蒙古自治区,锡林郭勒盟,锡林浩特市,1305,10,中央人民广播电台民族之声
381,内蒙古自治区,锡林郭勒盟,锡林浩特市,1458,1,内蒙古人民广播电台蒙语新闻综合广播
382,内蒙古自治区,锡林郭勒盟,锡林浩特市,1044,10,内蒙古人民广播电台农村牧区广播
383,内蒙古自治区,锡林郭勒盟,锡林浩特市,1170,10,锡林郭勒盟广播电视台蒙语综合广播
384,内蒙古自治区,锡林郭勒盟,锡林浩特市,945,10,锡林郭勒盟广播电视台汉语综合广播
385,内蒙古自治区,锡林郭勒盟,锡林浩特市,675,10,内蒙古人民广播电台汉语新闻综合广播
386,内蒙古自治区,锡林郭勒盟,正镶白旗,549,10,中央人民广播电台中国之声
387,内蒙古自治区,锡林郭勒盟,正镶白旗,1305,10,中央人民广播电台民族之声
388,内蒙古自治区,锡林郭勒盟,正镶白旗,1458,10,内蒙古人民广播电台蒙语新闻综合广播
389,内蒙古自治区,锡林郭勒盟,正镶白旗,675,10,内蒙古人民广播电台汉语新闻综合广播
390,内蒙古自治区,锡林郭勒盟,正镶白旗,1044,10,内蒙古人民广播电台农村牧区广播
391,内蒙古自治区,兴安盟,阿尔山市,549,1,中央人民广播电台中国之声
392,内蒙古自治区,兴安盟,阿尔山市,1305,1,中央人民广播电台民族之声
393,内蒙古自治区,兴安盟,阿尔山市,1458,1,内蒙古人民广播电台蒙语新闻综合广播
394,内蒙古自治区,兴安盟,阿尔山市,675,1,内蒙古人民广播电台汉语新闻综合广播
395,内蒙古自治区,兴安盟,阿尔山市,1044,10,内蒙古人民广播电台农村牧区广播
396,内蒙古自治区,兴安盟,科尔沁右翼中旗,549,1,中央人民广播电台中国之声
397,内蒙古自治区,兴安盟,科尔沁右翼中旗,1305,1,中央人民广播电台民族之声
398,内蒙古自治区,兴安盟,科尔沁右翼中旗,1458,1,内蒙古人民广播电台蒙语新闻综合广播
399,内蒙古自治区,兴安盟,科尔沁右翼中旗,675,1,内蒙古人民广播电台汉语新闻综合广播
400,内蒙古自治区,兴安盟,科尔沁右翼中旗,1044,10,内蒙古人民广播电台农村牧区广播
401,内蒙古自治区,兴安盟,突泉县,549,1,中央人民广播电台中国之声
402,内蒙古自治区,兴安盟,突泉县,855,1,中央人民广播电台经济之声
403,内蒙古自治区,兴安盟,突泉县,1305,1,中央人民广播电台民族之声
404,内蒙古自治区,兴安盟,突泉县,1044,10,内蒙古人民广播电台农村牧区广播
405,内蒙古自治区,兴安盟,突泉县,675,1,内蒙古人民广播电台汉语新闻综合广播
406,内蒙古自治区,兴安盟,突泉县,1458,1,内蒙古人民广播电台蒙语新闻综合广播
407,内蒙古自治区,兴安盟,乌兰浩特市,549,1,中央人民广播电台中国之声
408,内蒙古自治区,兴安盟,乌兰浩特市,855,1,中央人民广播电台经济之声
409,内蒙古自治区,兴安盟,乌兰浩特市,1305,10,中央人民广播电台民族之声
410,内蒙古自治区,兴安盟,乌兰浩特市,1458,1,内蒙古人民广播电台蒙语新闻综合广播
411,内蒙古自治区,兴安盟,乌兰浩特市,675,1,内蒙古人民广播电台汉语新闻综合广播
412,内蒙古自治区,兴安盟,乌兰浩特市,1044,10,内蒙古人民广播电台农村牧区广播
413,内蒙古自治区,兴安盟,乌兰浩特市,1170,10,兴安盟广播电视台蒙语综合广播
414,内蒙古自治区,兴安盟,乌兰浩特市,747,10,兴安盟广播电视台汉语综合广播
415,内蒙古自治区,兴安盟,扎赉特旗,549,1,中央人民广播电台中国之声
416,内蒙古自治区,兴安盟,扎赉特旗,1305,1,中央人民广播电台民族之声
417,内蒙古自治区,兴安盟,扎赉特旗,675,1,内蒙古人民广播电台汉语新闻综合广播
418,内蒙古自治区,兴安盟,扎赉特旗,1044,10,内蒙古人民广播电台农村牧区广播
419,辽宁省,鞍山市,海城市,900,1,海城市广播电视台
420,辽宁省,鞍山市,千山区,1458,1,中央人民广播电台中国之声
421,辽宁省,鞍山市,千山区,954,10,鞍山广播电视台综合广播
422,辽宁省,鞍山市,千山区,1071,1,鞍山广播电视台经济广播
423,辽宁省,本溪市,桓仁满族自治县,1035,10,中央人民广播电台中国之声
424,辽宁省,本溪市,桓仁满族自治县,612,10,辽宁广播电视台综合广播
425,辽宁省,本溪市,明山区,900,1,中央人民广播电台中国之声
426,辽宁省,本溪市,明山区,1296,10,本溪市广播电视台综合广播
427,辽宁省,朝阳市,北票市,1143,1,中央人民广播电台中国之声
428,辽宁省,朝阳市,北票市,963,10,辽宁广播电视台综合广播
429,辽宁省,朝阳市,北票市,585,1,朝阳广播电视台综合广播
430,辽宁省,朝阳市,北票市,1177,1,北票市广播电视台
431,辽宁省,朝阳市,凌源市,585,1,中央人民广播电台中国之声
432,辽宁省,朝阳市,凌源市,1089,10,辽宁广播电视台综合广播
433,辽宁省,朝阳市,凌源市,702,1,朝阳广播电视台综合广播
434,辽宁省,朝阳市,龙城区,1143,1,中央人民广播电台中国之声
435,辽宁省,朝阳市,龙城区,900,3,辽宁广播电视台经济广播
436,辽宁省,朝阳市,双塔区,1260,10,辽宁广播电视台综合广播
437,辽宁省,朝阳市,双塔区,810,3,朝阳广播电视台综合广播
438,辽宁省,大连市,金州区,1035,50,中央人民广播电台中国之声
439,辽宁省,大连市,金州区,963,50,辽宁广播电视台综合广播
440,辽宁省,大连市,金州区,720,10,中央人民广播电台经济之声
441,辽宁省,大连市,金州区,1152,2,大连市广播电视台财经广播
442,辽宁省,大连市,金州区,882,10,大连市广播电视台综合广播
443,辽宁省,大连市,旅顺口区,882,2,大连市广播电视台综合广播
444,辽宁省,大连市,瓦房店市,1323,1,瓦房店市广播电视台
445,辽宁省,大连市,瓦房店市,882,1,大连市广播电视台综合广播
446,辽宁省,大连市,庄河市,540,10,中央人民广播电台中国之声
447,辽宁省,大连市,庄河市,1089,10,辽宁广播电视台综合广播
448,辽宁省,大连市,庄河市,882,1,大连市广播电视台综合广播
449,辽宁省,丹东市,东港市,1035,10,中央人民广播电台中国之声
450,辽宁省,丹东市,凤城市,639,10,中央人民广播电台中国之声
451,辽宁省,丹东市,凤城市,1260,10,辽宁广播电视台综合广播
452,辽宁省,丹东市,宽甸满族自治县,540,10,中央人民广播电台中国之声
453,辽宁省,丹东市,宽甸满族自治县,1089,10,辽宁广播电视台综合广播
454,辽宁省,丹东市,振安区,540,10,中央人民广播电台中国之声
455,辽宁省,丹东市,振安区,1215,10,中央人民广播电台经济之声
456,辽宁省,丹东市,振安区,612,10,辽宁广播电视台综合广播
457,辽宁省,丹东市,振安区,1404,10,丹东市广播电视台综合广播
458,辽宁省,丹东市,振安区,891,1,丹东市广播电视台经济广播
459,辽宁省,抚顺市,新抚区,684,10,抚顺广播电视台综合广播
460,辽宁省,阜新市,细河区,1035,10,中央人民广播电台中国之声
461,辽宁省,阜新市,细河区,612,10,辽宁广播电视台综合广播
462,辽宁省,阜新市,细河区,1287,10,阜新广播电视台综合广播
463,辽宁省,阜新市,细河区,846,10,阜新广播电视台蒙古语广播
464,辽宁省,葫芦岛市,连山区,1242,1,葫芦岛广播电视台综合广播
465,辽宁省,葫芦岛市,龙港区,900,1,中央人民广播电台中国之声
466,辽宁省,葫芦岛市,绥中县,1089,10,辽宁广播电视台综合广播
467,辽宁省,葫芦岛市,绥中县,540,10,中央人民广播电台中国之声
468,辽宁省,葫芦岛市,兴城市,1296,1,兴城市广播电视台
469,辽宁省,锦州市,市辖区,1035,10,中央人民广播电台中国之声
470,辽宁省,锦州市,市辖区,963,10,辽宁广播电视台综合广播
471,辽宁省,锦州市,市辖区,666,2,锦州广播电视台综合广播
472,辽宁省,锦州市,市辖区,774,2,锦州广播电视台经济广播
473,辽宁省,辽阳市,宏伟区,837,10,辽阳广播电视台综合广播
474,辽宁省,盘锦市,盘山县,639,10,中央人民广播电台中国之声
475,辽宁省,盘锦市,双台子区,1260,10,辽宁广播电视台综合广播
476,辽宁省,盘锦市,双台子区,1485,1,盘锦市广播电视台综合广播
477,辽宁省,沈阳市,东陵区,882,25,辽宁广播电视台生活广播
478,辽宁省,沈阳市,东陵区,792,50,沈阳广播电视台新闻广播
479,辽宁省,沈阳市,东陵区,1341,50,辽宁广播电视台都市广播
480,辽宁省,沈阳市,康平县,1035,10,中央人民广播电台中国之声
481,辽宁省,沈阳市,康平县,612,10,辽宁广播电视台综合广播
482,辽宁省,沈阳市,苏家屯区,540,50,中央人民广播电台中国之声
483,辽宁省,沈阳市,苏家屯区,1215,200,中央人民广播电台经济之声
484,辽宁省,沈阳市,苏家屯区,1089,200,辽宁广播电视台综合广播
485,辽宁省,沈阳市,苏家屯区,999,50,辽宁广播电视台经济广播
486,辽宁省,沈阳市,苏家屯区,927,25,辽宁广播电视台乡村广播
487,辽宁省,沈阳市,苏家屯区,1053,50,辽宁广播电视台文艺广播
488,辽宁省,铁岭市,铁岭县,1260,10,辽宁广播电视台综合广播
489,辽宁省,铁岭市,铁岭县,1413,1,辽宁广播电视台综合广播铁岭之声
490,辽宁省,铁岭市,西丰县,1035,10,中央人民广播电台中国之声
491,辽宁省,铁岭市,西丰县,612,10,辽宁广播电视台综合广播
492,辽宁省,营口市,盖州市,540,10,中央人民广播电台中国之声
493,辽宁省,营口市,盖州市,1089,10,辽宁广播电视台综合广播
494,辽宁省,营口市,西市区,1026,1,营口广播电视台综合广播
495,吉林省,白城市,市辖区,981,10,中央人民广播电台中国之声
496,吉林省,白城市,洮北区,1323,10,白城人民广播电台综合广播
497,吉林省,白城市,洮北区,738,10,吉林人民广播电台新闻综合广播
498,吉林省,白城市,洮南市,1143,1,中央人民广播电台中国之声
499,吉林省,白城市,洮南市,1521,1,洮南市广播电视台
500,吉林省,白城市,洮南市,1008,1,吉林人民广播电台新闻综合广播
501,吉林省,白城市,通榆县,1143,1,中央人民广播电台中国之声
502,吉林省,白城市,通榆县,1530,1,吉林人民广播电台新闻综合广播
503,吉林省,白山市,八道江区,1107,10,吉林人民广播电台新闻综合广播
504,吉林省,白山市,八道江区,657,10,白山人民广播电台综合广播
505,吉林省,白山市,八道江区,1215,10,中央人民广播电台民族之声
506,吉林省,白山市,长白朝鲜族自治县,639,10,中央人民广播电台中国之声
507,吉林省,白山市,长白朝鲜族自治县,1476,1,中央人民广播电台民族之声
508,吉林省,白山市,抚松县,981,10,中央人民广播电台中国之声
509,吉林省,白山市,抚松县,738,10,吉林人民广播电台新闻综合广播
510,吉林省,白山市,抚松县,1566,10,中央人民广播电台民族之声
511,吉林省,白山市,临江市,738,1,吉林人民广播电台新闻综合广播
512,吉林省,白山市,临江市,1251,1,中央人民广播电台民族之声
513,吉林省,白山市,市辖区,1359,10,中央人民广播电台中国之声
514,吉林省,长春市,德惠市,981,200,中央人民广播电台中国之声
515,吉林省,长春市,宽城区,1575,1,吉林人民广播电台旅游广播
516,吉林省,长春市,宽城区,900,10,长春人民广播电台综合广播
517,吉林省,长春市,宽城区,1332,2,长春人民广播电台经济广播
518,吉林省,长春市,宽城区,585,10,长春人民广播电台乡村戏曲广播
519,吉林省,长春市,宽城区,1449,10,长春人民广播电台都市音乐广播
520,吉林省,长春市,宽城区,648,10,长春人民广播电台少儿与老年生活广播
521,吉林省,长春市,绿园区,738,150,吉林人民广播电台新闻综合广播
522,吉林省,长春市,绿园区,846,10,吉林人民广播电台乡村广播
523,吉林省,长春市,榆树市,1107,10,吉林人民广播电台新闻综合广播
524,吉林省,吉林市,丰满区,927,10,吉林市人民广播电台综合广播
525,吉林省,吉林市,丰满区,702,10,吉林市人民广播电台大众生活广播
526,吉林省,吉林市,丰满区,603,10,吉林市人民广播电台经济广播
527,吉林省,吉林市,蛟河市,945,400,中央人民广播电台中国之声
528,吉林省,吉林市,蛟河市,738,1,吉林人民广播电台新闻综合广播
529,吉林省,辽源市,龙山区,900,1,中央人民广播电台中国之声
530,吉林省,辽源市,市辖区,810,1,辽源人民广播电台综合广播
531,吉林省,辽源市,市辖区,1584,1,吉林人民广播电台新闻综合广播
532,吉林省,四平市,公主岭市,603,1,吉林人民广播电台经济广播
533,吉林省,四平市,公主岭市,1485,1,公主岭市广播电视台
534,吉林省,四平市,双辽市,639,10,中央人民广播电台中国之声
535,吉林省,四平市,双辽市,1530,1,吉林人民广播电台新闻综合广播
536,吉林省,四平市,双辽市,1206,1,吉林人民广播电台经济广播
537,吉林省,四平市,铁东区,666,1,四平人民广播电台综合广播
538,吉林省,四平市,铁东区,1359,10,中央人民广播电台中国之声
539,吉林省,松原市,扶余县,1143,1,中央人民广播电台中国之声
540,吉林省,松原市,扶余县,1530,10,吉林人民广播电台新闻综合广播
541,吉林省,松原市,宁江区,1431,2,松原人民广播电台综合广播
542,吉林省,松原市,宁江区,1107,3,吉林人民广播电台新闻综合广播
543,吉林省,松原市,宁江区,1575,1,中央人民广播电台中国之声
544,吉林省,松原市,乾安县,1143,1,中央人民广播电台中国之声
545,吉林省,松原市,乾安县,1485,1,吉林人民广播电台新闻综合广播
546,吉林省,通化市,东昌区,909,10,通化人民广播电台综合广播
547,吉林省,通化市,东昌区,738,10,吉林人民广播电台新闻综合广播
548,吉林省,通化市,东昌区,1476,10,中央人民广播电台民族之声
549,吉林省,通化市,集安市,1359,10,中央人民广播电台中国之声
550,吉林省,通化市,集安市,1107,1,吉林人民广播电台新闻综合广播
551,吉林省,通化市,集安市,855,10,中央人民广播电台民族之声
552,吉林省,通化市,梅河口市,639,10,中央人民广播电台中国之声
553,吉林省,通化市,梅河口市,1584,1,梅河口市广播电视台
554,吉林省,通化市,市辖区,639,10,中央人民广播电台中国之声
555,吉林省,延边朝鲜族自治州,安图县,981,1,中央人民广播电台中国之声
556,吉林省,延边朝鲜族自治州,安图县,1107,1,吉林人民广播电台新闻综合广播
557,吉林省,延边朝鲜族自治州,安图县,1476,1,延边朝鲜族自治州人民广播电台朝鲜语新闻综合广播
558,吉林省,延边朝鲜族自治州,安图县,612,1,中央人民广播电台民族之声
559,吉林省,延边朝鲜族自治州,敦化市,1575,1,中央人民广播电台中国之声
560,吉林省,延边朝鲜族自治州,敦化市,1269,1,敦化市广播电视台
561,吉林省,延边朝鲜族自治州,敦化市,1107,1,吉林人民广播电台新闻综合广播
562,吉林省,延边朝鲜族自治州,敦化市,855,1,中央人民广播电台民族之声
563,吉林省,延边朝鲜族自治州,和龙市,981,10,中央人民广播电台中国之声
564,吉林省,延边朝鲜族自治州,和龙市,738,1,吉林人民广播电台新闻综合广播
565,吉林省,延边朝鲜族自治州,和龙市,1422,1,延边朝鲜族自治州人民广播电台汉语新闻综合广播
566,吉林省,延边朝鲜族自治州,和龙市,1305,10,中央人民广播电台民族之声
567,吉林省,延边朝鲜族自治州,珲春市,603,1,中央人民广播电台中国之声
568,吉林省,延边朝鲜族自治州,珲春市,1143,1,中央人民广播电台中国之声
569,吉林省,延边朝鲜族自治州,珲春市,1107,10,吉林人民广播电台新闻综合广播
570,吉林省,延边朝鲜族自治州,珲春市,585,10,延边人民广播电台朝鲜语新闻综合广播
571,吉林省,延边朝鲜族自治州,珲春市,927,1,珲春市广播电视台
572,吉林省,延边朝鲜族自治州,珲春市,1530,1,吉林人民广播电台新闻综合广播
573,吉林省,延边朝鲜族自治州,珲春市,585,1,延边人民广播电台朝鲜语新闻综合广播
574,吉林省,延边朝鲜族自治州,珲春市,1422,1,中央人民广播电台民族之声
575,吉林省,延边朝鲜族自治州,珲春市,855,1,中央人民广播电台民族之声
576,吉林省,延边朝鲜族自治州,图们市,1143,1,图们市广播电视台
577,吉林省,延边朝鲜族自治州,图们市,1575,1,吉林人民广播电台经济广播
578,吉林省,延边朝鲜族自治州,图们市,1071,1,延边朝鲜族自治州人民广播电台朝鲜语新闻综合广播
579,吉林省,延边朝鲜族自治州,图们市,1431,1,中央人民广播电台民族之声
580,吉林省,延边朝鲜族自治州,汪清县,1359,10,中央人民广播电台中国之声
581,吉林省,延边朝鲜族自治州,汪清县,1107,1,吉林人民广播电台新闻综合广播
582,吉林省,延边朝鲜族自治州,汪清县,1233,1,延边朝鲜族自治州人民广播电台汉语新闻综合广播
583,吉林省,延边朝鲜族自治州,汪清县,1566,1,延边朝鲜族自治州人民广播电台朝鲜语新闻综合广播
584,吉林省,延边朝鲜族自治州,汪清县,666,10,中央人民广播电台民族之声
585,吉林省,延边朝鲜族自治州,延吉市,1206,200,延边人民广播电台朝鲜语新闻综合广播
586,吉林省,延边朝鲜族自治州,延吉市,1053,20,延边人民广播电台汉语新闻综合广播
587,吉林省,延边朝鲜族自治州,延吉市,900,1,延吉市广播电视台
588,吉林省,延边朝鲜族自治州,延吉市,1530,1,吉林人民广播电台新闻综合广播
589,吉林省,延边朝鲜族自治州,延吉市,639,10,中央人民广播电台中国之声
590,吉林省,延边朝鲜族自治州,延吉市,720,10,中央人民广播电台民族之声
591,黑龙江省,大兴安岭地区,呼玛县,1341,1,黑龙江人民广播电台新闻广播
592,黑龙江省,大兴安岭地区,加格达奇区,1278,10,大兴安岭人民广播电台综合广播
593,黑龙江省,大兴安岭地区,加格达奇区,900,10,黑龙江人民广播电台新闻广播
594,黑龙江省,大兴安岭地区,加格达奇区,540,10,中央人民广播电台中国之声
595,黑龙江省,大兴安岭地区,漠河县,900,1,中央人民广播电台中国之声
596,黑龙江省,大兴安岭地区,漠河县,540,1,黑龙江人民广播电台新闻广播
597,黑龙江省,大兴安岭地区,塔河县,621,1,黑龙江人民广播电台新闻广播
598,黑龙江省,哈尔滨市,阿城区,1062,1,阿城区广播电视台
599,黑龙江省,哈尔滨市,南岗区,837,50,哈尔滨人民广播电台综合广播
600,黑龙江省,哈尔滨市,南岗区,972,10,哈尔滨人民广播电台经济广播
601,黑龙江省,哈尔滨市,尚志市,1251,100,中央人民广播电台中国之声
602,黑龙江省,哈尔滨市,市辖区,756,100,中央人民广播电台中国之声
603,黑龙江省,哈尔滨市,香坊区,621,150,黑龙江人民广播电台新闻广播
604,黑龙江省,哈尔滨市,香坊区,873,150,黑龙江人民广播电台朝鲜语广播
605,黑龙江省,哈尔滨市,香坊区,1116,120,中央人民广播电台经济之声
606,黑龙江省,哈尔滨市,香坊区,945,50,黑龙江人民广播电台农村广播
607,黑龙江省,哈尔滨市,香坊区,1215,10,中央人民广播电台中国乡村之声
608,黑龙江省,鹤岗市,萝北县,1341,1,黑龙江人民广播电台新闻广播
609,黑龙江省,鹤岗市,萝北县,1584,1,黑龙江人民广播电台朝鲜语广播
610,黑龙江省,鹤岗市,市辖区,1413,10,鹤岗人民广播电台综合广播
611,黑龙江省,鹤岗市,市辖区,621,10,黑龙江人民广播电台新闻广播
612,黑龙江省,鹤岗市,市辖区,1035,10,中央人民广播电台中国之声
613,黑龙江省,鹤岗市,绥滨县,1305,10,中央人民广播电台经济之声
614,黑龙江省,黑河市,爱辉区,1341,10,黑龙江人民广播电台新闻广播
615,黑龙江省,黑河市,爱辉区,1215,50,中央人民广播电台中国之声
616,黑龙江省,黑河市,北安市,540,50,中央人民广播电台中国之声
617,黑龙江省,黑河市,北安市,900,50,黑龙江人民广播电台新闻广播
618,黑龙江省,黑河市,逊克县,540,10,中央人民广播电台中国之声
619,黑龙江省,黑河市,逊克县,900,1,黑龙江人民广播电台新闻广播
620,黑龙江省,鸡西市,虎林市,540,10,中央人民广播电台中国之声
621,黑龙江省,鸡西市,虎林市,1251,1,中央人民广播电台中国之声
622,黑龙江省,鸡西市,虎林市,900,10,黑龙江人民广播电台新闻广播
623,黑龙江省,鸡西市,鸡冠区,1368,10,鸡西人民广播电台综合广播
624,黑龙江省,鸡西市,鸡冠区,621,10,黑龙江人民广播电台新闻广播
625,黑龙江省,鸡西市,鸡冠区,1485,1,黑龙江人民广播电台朝鲜语广播
626,黑龙江省,鸡西市,鸡冠区,1143,3,鸡西人民广播电台文艺生活广播
627,黑龙江省,鸡西市,密山市,756,10,中央人民广播电台中国之声
628,黑龙江省,鸡西市,市辖区,1035,10,中央人民广播电台中国之声
629,黑龙江省,佳木斯市,抚远县,540,25,中央人民广播电台中国之声
630,黑龙江省,佳木斯市,抚远县,900,10,黑龙江人民广播电台新闻广播
631,黑龙江省,佳木斯市,富锦市,540,10,中央人民广播电台中国之声
632,黑龙江省,佳木斯市,富锦市,900,10,黑龙江人民广播电台新闻广播
633,黑龙江省,佳木斯市,富锦市,945,50,黑龙江人民广播电台农村广播
634,黑龙江省,佳木斯市,桦南县,1035,10,中央人民广播电台中国之声
635,黑龙江省,佳木斯市,桦南县,621,10,黑龙江人民广播电台新闻广播
636,黑龙江省,佳木斯市,市辖区,666,10,佳木斯人民广播电台综合广播
637,黑龙江省,佳木斯市,市辖区,900,10,黑龙江人民广播电台新闻广播
638,黑龙江省,佳木斯市,市辖区,1215,10,中央人民广播电台经济之声
639,黑龙江省,佳木斯市,市辖区,1143,1,佳木斯人民广播电台经济广播
640,黑龙江省,佳木斯市,市辖区,540,10,中央人民广播电台中国之声
641,黑龙江省,佳木斯市,汤原县,873,10,黑龙江人民广播电台朝鲜语广播
642,黑龙江省,佳木斯市,同江市,1035,10,中央人民广播电台中国之声
643,黑龙江省,佳木斯市,同江市,873,10,黑龙江人民广播电台朝鲜语广播
644,黑龙江省,牡丹江市,爱民区,684,10,牡丹江人民广播电台综合广播
645,黑龙江省,牡丹江市,爱民区,621,10,黑龙江人民广播电台新闻广播
646,黑龙江省,牡丹江市,爱民区,1305,10,中央人民广播电台经济之声
647,黑龙江省,牡丹江市,东宁县,1215,50,中央人民广播电台中国之声
648,黑龙江省,牡丹江市,东宁县,621,10,黑龙江人民广播电台新闻广播
649,黑龙江省,牡丹江市,林口县,1341,10,黑龙江人民广播电台新闻广播
650,黑龙江省,牡丹江市,穆棱市,540,10,中央人民广播电台中国之声
651,黑龙江省,牡丹江市,穆棱市,900,10,黑龙江人民广播电台新闻广播
652,黑龙江省,牡丹江市,穆棱市,873,10,黑龙江人民广播电台朝鲜语广播
653,黑龙江省,牡丹江市,宁安市,873,10,黑龙江人民广播电台朝鲜语广播
654,黑龙江省,牡丹江市,市辖区,1035,10,中央人民广播电台中国之声
655,黑龙江省,牡丹江市,绥芬河市,756,10,中央人民广播电台中国之声
656,黑龙江省,牡丹江市,绥芬河市,1341,1,黑龙江人民广播电台新闻广播
657,黑龙江省,七台河市,勃利县,900,10,黑龙江人民广播电台新闻广播
658,黑龙江省,七台河市,茄子河区,1062,1,七台河人民广播电台综合广播
659,黑龙江省,七台河市,茄子河区,873,10,黑龙江人民广播电台朝鲜语广播
660,黑龙江省,七台河市,市辖区,540,10,中央人民广播电台中国之声
661,黑龙江省,齐齐哈尔市,建华区,585,10,齐齐哈尔市人民广播电台乡村广播
662,黑龙江省,齐齐哈尔市,讷河市,1341,10,黑龙江人民广播电台新闻广播
663,黑龙江省,齐齐哈尔市,市辖区,1197,10,齐齐哈尔人民广播电台综合广播
664,黑龙江省,齐齐哈尔市,市辖区,621,50,黑龙江人民广播电台新闻广播
665,黑龙江省,齐齐哈尔市,市辖区,873,10,黑龙江人民广播电台朝鲜语广播
666,黑龙江省,齐齐哈尔市,市辖区,945,50,黑龙江人民广播电台农村广播
667,黑龙江省,齐齐哈尔市,市辖区,1035,25,中央人民广播电台中国之声
668,黑龙江省,齐齐哈尔市,泰来县,756,10,中央人民广播电台中国之声
669,黑龙江省,双鸭山市,宝清县,1035,10,中央人民广播电台中国之声
670,黑龙江省,双鸭山市,宝清县,621,10,黑龙江人民广播电台新闻广播
671,黑龙江省,双鸭山市,饶河县,1035,10,中央人民广播电台中国之声
672,黑龙江省,双鸭山市,饶河县,621,1,黑龙江人民广播电台新闻广播
673,黑龙江省,双鸭山市,市辖区,1179,10,双鸭山市广播电视台综合广播
674,黑龙江省,双鸭山市,市辖区,927,10,黑龙江人民广播电台新闻广播
675,黑龙江省,双鸭山市,市辖区,1584,10,黑龙江人民广播电台朝鲜语广播
676,黑龙江省,双鸭山市,市辖区,828,10,中央人民广播电台经济之声
677,黑龙江省,双鸭山市,市辖区,756,10,中央人民广播电台中国之声
678,黑龙江省,绥化市,安达市,1296,1,安达市广播电视台
679,黑龙江省,绥化市,市辖区,1080,10,绥化人民广播电台综合广播
680,黑龙江省,伊春市,嘉荫县,1035,10,中央人民广播电台中国之声
681,黑龙江省,伊春市,嘉荫县,621,1,黑龙江人民广播电台新闻广播
682,黑龙江省,伊春市,南岔区,900,1,黑龙江人民广播电台新闻广播
683,黑龙江省,伊春市,市辖区,756,10,中央人民广播电台中国之声
684,黑龙江省,伊春市,伊春区,909,10,伊春人民广播电台综合广播
685,黑龙江省,伊春市,伊春区,1341,10,黑龙江人民广播电台新闻广播
686,上海市,市辖区,长宁区,540,10,中央人民广播电台中国之声
687,上海市,市辖区,长宁区,648,10,上海人民广播电台交通广播
688,上海市,市辖区,长宁区,855,10,中央人民广播电台经济之声
689,上海市,市辖区,长宁区,900,1,上海人民广播电台第一财经广播
690,上海市,市辖区,闵行区,792,50,上海人民广播电台东方都市广播
691,上海市,市辖区,闵行区,990,100,上海人民广播电台新闻广播
692,上海市,市辖区,闵行区,1197,10,上海人民广播电台戏剧曲艺广播
693,上海市,市辖区,闵行区,1296,25,上海人民广播电台东广新闻资讯广播
694,上海市,市辖区,闵行区,1422,25,上海人民广播电台故事广播
695,江苏省,常州市,武进区,1593,400,中央人民广播电台中国之声
696,江苏省,常州市,武进区,639,10,中央人民广播电台中国之声
697,江苏省,常州市,武进区,846,10,常州人民广播电台综合广播
698,江苏省,常州市,武进区,747,1,常州人民广播电台交通广播
699,江苏省,淮安市,清河区,801,1,淮安市广播电视台综合广播
700,江苏省,淮安市,清河区,1314,20,江苏人民广播电台新闻综合广播
701,江苏省,淮安市,清河区,1521,1,淮安市广播电视台交通文艺广播
702,江苏省,淮安市,市辖区,981,10,中央人民广播电台中国之声
703,江苏省,连云港市,东海县,567,10,中央人民广播电台中国之声
704,江苏省,连云港市,东海县,1458,10,连云港人民广播电台综合广播
705,江苏省,连云港市,东海县,702,10,江苏人民广播电台新闻综合广播
706,江苏省,南京市,江宁区,1359,10,中央人民广播电台中国之声
707,江苏省,南京市,江宁区,1170,10,南京市人民广播电台城市管理广播
708,江苏省,南京市,江宁区,702,150,江苏人民广播电台新闻综合广播
709,江苏省,南京市,江宁区,585,50,江苏人民广播电台财经广播
710,江苏省,南京市,江宁区,1008,10,南京市人民广播电台新闻综合广播
711,江苏省,南京市,江宁区,900,3,南京市人民广播电台经济广播
712,江苏省,南京市,江宁区,1206,10,江苏人民广播电台故事广播
713,江苏省,南通市,市辖区,1359,10,中央人民广播电台中国之声
714,江苏省,南通市,市辖区,1233,10,南通人民广播电台综合广播
715,江苏省,南通市,市辖区,702,50,江苏人民广播电台新闻综合广播
716,江苏省,南通市,市辖区,1170,1,南通人民广播电台交通广播
717,江苏省,苏州市,常熟市,1116,1,常熟市广播电视台
718,江苏省,苏州市,相城区,756,10,中央人民广播电台中国之声
719,江苏省,苏州市,相城区,1080,10,苏州人民广播电台综合广播
720,江苏省,苏州市,相城区,1314,10,江苏人民广播电台新闻综合广播
721,江苏省,苏州市,张家港市,1098,1,张家港市广播电视台
722,江苏省,泰州市,市辖区,1341,3,泰州人民广播电台综合广播
723,江苏省,无锡市,北塘区,603,3,中央人民广播电台中国之声
724,江苏省,无锡市,北塘区,1161,10,无锡市广播电视台综合广播
725,江苏省,无锡市,北塘区,1413,10,江苏人民广播电台新闻综合广播
726,江苏省,无锡市,北塘区,1251,1,无锡市广播电视台经济广播
727,江苏省,无锡市,北塘区,900,1,无锡市广播电视台音乐广播
728,江苏省,无锡市,江阴市,1206,1,中央人民广播电台中国之声
729,江苏省,无锡市,江阴市,1386,1,江阴市广播电视台
730,江苏省,徐州市,市辖区,1359,10,中央人民广播电台中国之声
731,江苏省,徐州市,市辖区,1269,10,徐州人民广播电台新闻综合广播
732,江苏省,徐州市,市辖区,702,10,江苏人民广播电台新闻综合广播
733,江苏省,盐城市,东台市,1314,1,江苏人民广播电台新闻综合广播
734,江苏省,盐城市,亭湖区,639,10,中央人民广播电台中国之声
735,江苏省,盐城市,亭湖区,1026,10,盐城人民广播电台综合广播
736,江苏省,盐城市,亭湖区,1413,10,江苏人民广播电台新闻综合广播
737,江苏省,盐城市,亭湖区,747,1,盐城人民广播电台经济生活广播
738,江苏省,扬州市,邗江区,981,10,中央人民广播电台中国之声
739,江苏省,扬州市,市辖区,1179,10,扬州人民广播电台新闻广播
740,江苏省,扬州市,市辖区,1314,1,江苏人民广播电台新闻综合广播
741,江苏省,扬州市,仪征市,1026,1,仪征市广播电视台
742,江苏省,镇江市,市辖区,1539,1,中央人民广播电台中国之声
743,江苏省,镇江市,市辖区,1224,10,镇江人民广播电台综合广播
744,浙江省,杭州市,滨江区,954,50,杭州人民广播电台综合广播
745,浙江省,杭州市,淳安县,540,1,中央人民广播电台中国之声
746,浙江省,杭州市,淳安县,1134,1,浙江之声
747,浙江省,杭州市,余杭区,1359,10,中央人民广播电台中国之声
748,浙江省,杭州市,余杭区,1071,10,浙江人民广播电台音乐调频
749,浙江省,杭州市,余杭区,1530,50,浙江人民广播电台新闻广播
750,浙江省,杭州市,余杭区,603,50,浙江人民广播电台旅游之声
751,浙江省,杭州市,余杭区,810,200,浙江之声
752,浙江省,杭州市,余杭区,630,3,中央人民广播电台经济之声
753,浙江省,湖州市,市辖区,756,1,中央人民广播电台中国之声
754,浙江省,湖州市,吴兴区,873,1,湖州人民广播电台综合广播
755,浙江省,湖州市,吴兴区,927,1,湖州人民广播电台经济广播
756,浙江省,嘉兴市,南湖区,1107,10,嘉兴人民广播电台综合广播
757,浙江省,金华市,东阳市,540,1,中央人民广播电台中国之声
758,浙江省,金华市,东阳市,1134,1,浙江之声
759,浙江省,金华市,婺城区,603,1,浙江人民广播电台旅游之声
760,浙江省,金华市,婺城区,675,10,金华人民广播电台综合广播
761,浙江省,金华市,婺城区,531,10,浙江之声
762,浙江省,金华市,婺城区,1305,1,中央人民广播电台经济之声
763,浙江省,金华市,婺城区,756,1,中央人民广播电台中国之声
764,浙江省,金华市,婺城区,900,1,金华人民广播电台交通音乐广播
765,浙江省,丽水市,莲都区,810,10,浙江之声
766,浙江省,丽水市,莲都区,711,1,丽水人民广播电台综合广播
767,浙江省,丽水市,龙泉市,1359,1,中央人民广播电台中国之声
768,浙江省,丽水市,龙泉市,810,1,浙江之声
769,浙江省,丽水市,青田县,621,3,中央人民广播电台中国之声
770,浙江省,丽水市,青田县,864,3,浙江之声
771,浙江省,丽水市,庆元县,540,1,中央人民广播电台中国之声
772,浙江省,丽水市,庆元县,1134,1,浙江之声
773,浙江省,丽水市,庆元县,855,1,中央人民广播电台经济之声
774,浙江省,丽水市,市辖区,1359,10,中央人民广播电台中国之声
775,浙江省,丽水市,遂昌县,540,1,中央人民广播电台中国之声
776,浙江省,丽水市,遂昌县,1134,1,浙江之声
777,浙江省,丽水市,云和县,756,1,中央人民广播电台中国之声
778,浙江省,宁波市,海曙区,540,10,中央人民广播电台中国之声
779,浙江省,宁波市,海曙区,1323,10,宁波人民广播电台综合广播
780,浙江省,宁波市,海曙区,1134,3,浙江之声
781,浙江省,宁波市,宁海县,549,1,中央人民广播电台中国之声
782,浙江省,宁波市,宁海县,864,1,浙江之声
783,浙江省,宁波市,象山县,648,1,中央人民广播电台中国之声
784,浙江省,宁波市,象山县,1080,1,浙江之声
785,浙江省,衢州市,江山市,540,1,中央人民广播电台中国之声
786,浙江省,衢州市,江山市,1134,1,浙江之声
787,浙江省,衢州市,江山市,855,1,中央人民广播电台经济之声
788,浙江省,衢州市,开化县,756,1,中央人民广播电台中国之声
789,浙江省,衢州市,开化县,531,1,浙江之声
790,浙江省,衢州市,柯城区,1251,1,衢州人民广播电台交通音乐广播
791,浙江省,衢州市,柯城区,711,10,衢州人民广播电台综合广播
792,浙江省,衢州市,柯城区,810,1,浙江之声
793,浙江省,衢州市,柯城区,630,1,中央人民广播电台经济之声
794,浙江省,衢州市,柯城区,1359,1,中央人民广播电台中国之声
795,浙江省,绍兴市,新昌县,756,1,中央人民广播电台中国之声
796,浙江省,绍兴市,越城区,738,5,绍兴人民广播电台综合广播
797,浙江省,台州市,椒江区,1359,10,中央人民广播电台中国之声
798,浙江省,台州市,临海市,873,1,中央人民广播电台中国之声
799,浙江省,台州市,临海市,630,1,中央人民广播电台经济之声
800,浙江省,台州市,临海市,810,10,浙江之声
801,浙江省,台州市,仙居县,540,1,中央人民广播电台中国之声
802,浙江省,台州市,仙居县,1134,1,浙江之声
803,浙江省,台州市,玉环县,648,1,中央人民广播电台中国之声
804,浙江省,台州市,玉环县,1143,1,浙江之声
805,浙江省,台州市,玉环县,1377,1,中央人民广播电台经济之声
806,浙江省,温州市,洞头县,1017,1,中央人民广播电台中国之声
807,浙江省,温州市,洞头县,1287,1,浙江之声
808,浙江省,温州市,乐清市,621,1,中央人民广播电台中国之声
809,浙江省,温州市,乐清市,1476,1,浙江之声
810,浙江省,温州市,鹿城区,603,1,浙江人民广播电台旅游之声
811,浙江省,温州市,鹿城区,666,10,温州人民广播电台综合广播
812,浙江省,温州市,鹿城区,1134,10,浙江之声
813,浙江省,温州市,鹿城区,855,10,中央人民广播电台经济之声
814,浙江省,温州市,鹿城区,540,10,中央人民广播电台中国之声
815,浙江省,温州市,平阳县,810,10,浙江之声
816,浙江省,温州市,平阳县,1359,10,中央人民广播电台中国之声
817,浙江省,温州市,泰顺县,531,1,浙江之声
818,浙江省,温州市,泰顺县,756,1,中央人民广播电台中国之声
819,浙江省,温州市,文成县,1134,50,浙江之声
820,浙江省,温州市,文成县,540,10,中央人民广播电台中国之声
821,浙江省,舟山市,定海区,684,20,舟山市广播电视台综合广播
822,浙江省,舟山市,定海区,1098,1,舟山市广播电视台经济广播
823,浙江省,舟山市,嵊泗县,1404,1,中央人民广播电台中国之声
824,浙江省,舟山市,嵊泗县,1080,1,浙江之声
825,安徽省,安庆市,宜秀区,1584,1,安庆人民广播电台综合广播
826,安徽省,安庆市,宜秀区,1008,3,安徽广播电视台农村广播
827,安徽省,安庆市,宜秀区,603,3,安徽广播电视台生活广播
828,安徽省,蚌埠市,淮上区,1098,1,蚌埠人民广播电台经济广播
829,安徽省,蚌埠市,淮上区,900,1,蚌埠人民广播电台交通文艺广播
830,安徽省,蚌埠市,淮上区,1485,1,蚌埠人民广播电台综合广播
831,安徽省,亳州市,谯城区,999,1,亳州人民广播电台综合广播
832,安徽省,巢湖市,居巢区,1143,1,巢湖人民广播电台综合广播
833,安徽省,池州市,贵池区,1395,10,安徽广播电视台综合广播
834,安徽省,池州市,贵池区,1269,3,池州人民广播电台综合广播
835,安徽省,池州市,市辖区,756,10,中央人民广播电台中国之声
836,安徽省,滁州市,琅琊区,1035,10,中央人民广播电台中国之声
837,安徽省,滁州市,琅琊区,1377,1,滁州人民广播电台综合广播
838,安徽省,阜阳市,颍泉区,756,10,中央人民广播电台中国之声
839,安徽省,阜阳市,颍泉区,801,1,阜阳人民广播电台经济广播
840,安徽省,阜阳市,颍泉区,1395,10,安徽广播电视台综合广播
841,安徽省,阜阳市,颍泉区,1116,1,阜阳人民广播电台综合广播
842,安徽省,合肥市,包河区,747,3,合肥人民广播电台徽商广播
843,安徽省,合肥市,包河区,801,10,安徽广播电视台戏曲广播
844,安徽省,合肥市,包河区,1053,3,合肥人民广播电台交通信息广播
845,安徽省,合肥市,包河区,1008,3,安徽广播电视台农村广播
846,安徽省,合肥市,包河区,1098,3,安徽广播电视台交通广播
847,安徽省,合肥市,长丰县,540,50,中央人民广播电台中国之声
848,安徽省,合肥市,长丰县,720,10,中央人民广播电台经济之声
849,安徽省,合肥市,长丰县,936,200,安徽广播电视台综合广播
850,安徽省,合肥市,长丰县,1170,3,合肥人民广播电台故事广播
851,安徽省,合肥市,长丰县,1395,50,安徽广播电视台小说评书广播
852,安徽省,合肥市,长丰县,864,50,安徽广播电视台经济广播
853,安徽省,合肥市,长丰县,666,10,合肥人民广播电台综合广播
854,安徽省,淮北市,相山区,1431,1,淮北人民广播电台综合广播
855,安徽省,淮南市,田家庵区,648,1,淮南人民广播电台综合广播
856,安徽省,黄山市,黄山区,756,1,中央人民广播电台中国之声
857,安徽省,黄山市,屯溪区,540,10,中央人民广播电台中国之声
858,安徽省,黄山市,屯溪区,936,10,安徽广播电视台综合广播
859,安徽省,黄山市,屯溪区,1431,1,黄山人民广播电台综合广播
860,安徽省,六安市,霍邱县,1143,1,霍邱县广播电视台
861,安徽省,六安市,金安区,1170,1,六安人民广播电台综合广播
862,安徽省,马鞍山市,花山区,1584,1,马鞍山人民广播电台综合广播
863,安徽省,宿州市,市辖区,540,10,中央人民广播电台中国之声
864,安徽省,宿州市,埇桥区,936,10,安徽广播电视台综合广播
865,安徽省,宿州市,埇桥区,1071,1,宿州人民广播电台综合广播
866,安徽省,铜陵市,铜官山区,1107,1,铜陵人民广播电台综合广播
867,安徽省,芜湖市,镜湖区,1494,1,芜湖人民广播电台综合广播
868,安徽省,芜湖市,弋江区,756,10,中央人民广播电台中国之声
869,安徽省,宣城市,宣州区,540,10,中央人民广播电台中国之声
870,安徽省,宣城市,宣州区,936,10,安徽广播电视台综合广播
871,安徽省,宣城市,宣州区,1170,3,宣城人民广播电台综合广播
872,福建省,福州市,长乐市,783,3,福建人民广播电台新闻综合广播
873,福建省,福州市,福清市,1431,3,福建人民广播电台新闻综合广播
874,福建省,福州市,福清市,639,3,中央人民广播电台中国之声
875,福建省,福州市,连江县,693,3,中央人民广播电台经济之声
876,福建省,福州市,连江县,801,3,福建人民广播电台新闻综合广播
877,福建省,福州市,闽侯县,882,200,福建人民广播电台新闻综合广播
878,福建省,福州市,闽侯县,1404,50,福建人民广播电台经济广播
879,福建省,福州市,闽侯县,1332,10,福州人民广播电台新闻广播
880,福建省,福州市,闽侯县,720,10,中央人民广播电台经济之声
881,福建省,福州市,平潭县,855,3,中央人民广播电台经济之声
882,福建省,福州市,平潭县,558,10,福建人民广播电台新闻综合广播
883,福建省,福州市,平潭县,1359,10,中央人民广播电台中国之声
884,福建省,龙岩市,长汀县,756,3,中央人民广播电台中国之声
885,福建省,龙岩市,长汀县,1368,3,福建人民广播电台新闻综合广播
886,福建省,龙岩市,上杭县,1422,3,福建人民广播电台新闻综合广播
887,福建省,龙岩市,市辖区,558,10,福建人民广播电台新闻综合广播
888,福建省,龙岩市,市辖区,855,3,中央人民广播电台经济之声
889,福建省,龙岩市,永定区,900,3,福建人民广播电台新闻综合广播
890,福建省,龙岩市,漳平市,1080,3,福建人民广播电台新闻综合广播
891,福建省,龙岩市,漳平市,1359,3,中央人民广播电台中国之声
892,福建省,南平市,建阳区,558,10,福建人民广播电台新闻综合广播
893,福建省,南平市,浦城县,756,3,中央人民广播电台中国之声
894,福建省,南平市,浦城县,918,3,福建人民广播电台新闻综合广播
895,福建省,南平市,邵武市,756,3,中央人民广播电台中国之声
896,福建省,南平市,邵武市,1080,3,福建人民广播电台新闻综合广播
897,福建省,南平市,市辖区,1377,5,福建人民广播电台新闻综合广播
898,福建省,南平市,市辖区,1143,3,中央人民广播电台经济之声
899,福建省,南平市,顺昌县,1404,3,福建人民广播电台新闻综合广播
900,福建省,南平市,顺昌县,756,3,中央人民广播电台中国之声
901,福建省,南平市,延平区,657,5,中央人民广播电台中国之声
902,福建省,宁德市,福安市,882,10,福建人民广播电台新闻综合广播
903,福建省,宁德市,福鼎市,837,3,福建人民广播电台新闻综合广播
904,福建省,宁德市,蕉城区,1287,10,中央人民广播电台中国之声
905,福建省,宁德市,蕉城区,612,10,福建人民广播电台新闻综合广播
906,福建省,宁德市,霞浦县,558,10,福建人民广播电台新闻综合广播
907,福建省,宁德市,霞浦县,1359,10,中央人民广播电台中国之声
908,福建省,莆田市,城厢区,558,10,福建人民广播电台新闻综合广播
909,福建省,莆田市,城厢区,1305,3,中央人民广播电台经济之声
910,福建省,莆田市,城厢区,1521,1,莆田人民广播电台综合广播
911,福建省,莆田市,荔城区,1440,10,中央人民广播电台中国之声
912,福建省,泉州市,惠安县,1260,3,中央人民广播电台中国之声
913,福建省,泉州市,惠安县,1395,3,福建人民广播电台新闻综合广播
914,福建省,泉州市,晋江市,1359,10,中央人民广播电台中国之声
915,福建省,泉州市,晋江市,882,10,福建人民广播电台新闻综合广播
916,福建省,泉州市,市辖区,1386,10,福建人民广播电台新闻综合广播
917,福建省,泉州市,市辖区,576,3,泉州人民广播电台综合广播
918,福建省,泉州市,市辖区,1287,3,中央人民广播电台经济之声
919,福建省,泉州市,市辖区,1197,10,中央人民广播电台中国之声
920,福建省,泉州市,永春县,756,3,中央人民广播电台中国之声
921,福建省,泉州市,永春县,1395,1,福建人民广播电台新闻综合广播
922,福建省,三明市,宁化县,756,3,中央人民广播电台中国之声
923,福建省,三明市,宁化县,900,3,福建人民广播电台新闻综合广播
924,福建省,三明市,市辖区,1206,3,中央人民广播电台经济之声
925,福建省,三明市,市辖区,882,10,福建人民广播电台新闻综合广播
926,福建省,三明市,市辖区,1359,10,中央人民广播电台中国之声
927,福建省,三明市,永安市,981,10,中央人民广播电台中国之声
928,福建省,三明市,永安市,882,10,福建人民广播电台新闻综合广播
929,福建省,三明市,尤溪县,900,3,福建人民广播电台新闻综合广播
930,福建省,厦门市,海沧区,1359,10,中央人民广播电台中国之声
931,福建省,厦门市,海沧区,558,10,福建人民广播电台新闻综合广播
932,福建省,厦门市,海沧区,720,10,中央人民广播电台经济之声
933,福建省,厦门市,海沧区,1008,10,厦门人民广播电台旅游广播
934,福建省,厦门市,集美区,1107,50,厦门人民广播电台综合广播
935,福建省,厦门市,集美区,801,10,厦门人民广播电台闽南之声
936,福建省,厦门市,集美区,1278,10,厦门人民广播电台经济交通广播
937,福建省,漳州市,东山县,1449,3,福建人民广播电台新闻综合广播
938,福建省,漳州市,东山县,927,3,中央人民广播电台中国之声
939,福建省,漳州市,龙海市,1359,10,中央人民广播电台中国之声
940,福建省,漳州市,龙海市,1467,3,福建人民广播电台经济广播
941,福建省,漳州市,龙海市,882,10,福建人民广播电台新闻综合广播
942,福建省,漳州市,云霄县,1332,10,福建人民广播电台新闻综合广播
943,福建省,漳州市,漳浦县,1404,3,福建人民广播电台新闻综合广播
944,福建省,漳州市,漳浦县,1260,3,中央人民广播电台中国之声
945,福建省,漳州市,诏安县,1404,3,福建人民广播电台新闻综合广播
946,江西省,赣州市,赣县,1035,10,中央人民广播电台中国之声
947,江西省,赣州市,赣县,630,10,中央人民广播电台经济之声
948,江西省,赣州市,赣县,729,50,江西人民广播电台综合新闻广播
949,江西省,赣州市,全南县,1449,1,江西人民广播电台综合新闻广播
950,江西省,吉安市,吉州区,1242,1,中央人民广播电台中国之声
951,江西省,吉安市,泰和县,1170,600,中央人民广播电台中国之声
952,江西省,吉安市,泰和县,1350,200,江西人民广播电台综合新闻广播
953,江西省,景德镇市,乐平市,1215,1,中央人民广播电台经济之声
954,江西省,景德镇市,市辖区,1467,7.5,景德镇人民广播电台综合广播
955,江西省,九江市,市辖区,1008,3,中央人民广播电台中国之声
956,江西省,九江市,市辖区,1485,1,九江人民广播电台综合广播
957,江西省,九江市,市辖区,1350,1,江西人民广播电台综合新闻广播
958,江西省,南昌市,南昌县,981,200,中央人民广播电台中国之声
959,江西省,南昌市,南昌县,630,100,中央人民广播电台经济之声
960,江西省,南昌市,南昌县,729,150,江西人民广播电台综合新闻广播
961,江西省,南昌市,西湖区,1278,10,南昌人民广播电台综合广播
962,江西省,萍乡市,市辖区,1035,1,中央人民广播电台中国之声
963,江西省,萍乡市,市辖区,1107,1,萍乡人民广播电台综合广播
964,江西省,萍乡市,市辖区,1350,10,江西人民广播电台综合新闻广播
965,江西省,上饶市,信州区,981,10,中央人民广播电台中国之声
966,江西省,上饶市,信州区,1350,10,江西人民广播电台综合新闻广播
967,江西省,新余市,市辖区,585,1,新余人民广播电台综合广播
968,江西省,宜春市,市辖区,1485,1,中央人民广播电台中国之声
969,江西省,宜春市,市辖区,729,10,江西人民广播电台综合新闻广播
970,江西省,鹰潭市,市辖区,1584,1,鹰潭人民广播电台综合广播
971,山东省,滨州市,滨城区,747,10,滨州人民广播电台综合广播
972,山东省,滨州市,滨城区,1467,1,山东人民广播电台综合广播
973,山东省,滨州市,滨城区,1170,10,滨州人民广播电台交通音乐广播
974,山东省,滨州市,市辖区,648,1,中央人民广播电台中国之声
975,山东省,德州市,德城区,1008,10,德州市广播电视台综合广播
976,山东省,德州市,德城区,1485,1,山东人民广播电台综合广播
977,山东省,东营市,市辖区,1449,10,东营市广播电视台综合广播
978,山东省,菏泽市,单县,1467,1,山东人民广播电台综合广播
979,山东省,菏泽市,牡丹区,918,10,山东人民广播电台综合广播
980,山东省,菏泽市,牡丹区,1197,10,菏泽广播电视台新闻广播
981,山东省,菏泽市,牡丹区,1323,10,菏泽广播电视台经济文艺广播
982,山东省,菏泽市,市辖区,756,10,中央人民广播电台中国之声
983,山东省,济南市,市辖区,918,200,山东人民广播电台综合广播
984,山东省,济南市,市辖区,594,50,山东人民广播电台经济广播
985,山东省,济南市,市辖区,1251,50,山东人民广播电台乡村广播
986,山东省,济南市,市辖区,1053,10,济南人民广播电台新闻综合广播
987,山东省,济南市,市辖区,1305,10,济南人民广播电台音乐广播
988,山东省,济南市,天桥区,648,10,中央人民广播电台中国之声
989,山东省,济宁市,曲阜市,1341,1,曲阜市广播电视台
990,山东省,济宁市,市辖区,540,10,中央人民广播电台中国之声
991,山东省,济宁市,市辖区,1548,10,山东人民广播电台综合广播
992,山东省,济宁市,市辖区,666,1,济宁人民广播电台综合广播
993,山东省,聊城市,东昌府区,1485,1,山东人民广播电台综合广播
994,山东省,聊城市,东昌府区,1566,1,聊城人民广播电台综合广播
995,山东省,聊城市,市辖区,1035,10,中央人民广播电台中国之声
996,山东省,临沂市,兰山区,540,10,中央人民广播电台中国之声
997,山东省,临沂市,兰山区,873,1,临沂人民广播电台综合广播
998,山东省,临沂市,兰山区,1548,10,山东人民广播电台综合广播
999,山东省,临沂市,平邑县,1035,1,中央人民广播电台中国之声
1000,山东省,青岛市,四方区,756,10,中央人民广播电台中国之声
1001,山东省,青岛市,四方区,819,10,青岛人民广播电台综合广播
1002,山东省,青岛市,四方区,1251,10,青岛人民广播电台经济广播
1003,山东省,青岛市,四方区,1548,10,山东人民广播电台综合广播
1004,山东省,青岛市,四方区,945,1,中央人民广播电台经济之声
1005,山东省,日照市,东港区,1035,10,中央人民广播电台中国之声
1006,山东省,日照市,东港区,918,10,山东人民广播电台综合广播
1007,山东省,日照市,东港区,1449,10,日照人民广播电台综合广播
1008,山东省,日照市,莒县,756,1,中央人民广播电台中国之声
1009,山东省,泰安市,市辖区,756,10,中央人民广播电台中国之声
1010,山东省,泰安市,市辖区,918,10,山东人民广播电台综合广播
1011,山东省,威海市,环翠区,801,1,中央人民广播电台中国之声
1012,山东省,威海市,环翠区,1485,1,山东人民广播电台综合广播
1013,山东省,威海市,环翠区,1206,10,威海广播电视台综合广播
1014,山东省,威海市,荣成市,540,10,中央人民广播电台中国之声
1015,山东省,威海市,荣成市,1548,10,山东人民广播电台综合广播
1016,山东省,潍坊市,奎文区,540,50,中央人民广播电台中国之声
1017,山东省,潍坊市,青州市,1170,1,青州市广播电视台
1018,山东省,潍坊市,潍城区,1548,10,山东人民广播电台综合广播
1019,山东省,潍坊市,潍城区,1161,1,潍坊市广播电视台新闻广播
1020,山东省,烟台市,莱阳市,756,50,中央人民广播电台中国之声
1021,山东省,烟台市,莱阳市,594,50,山东人民广播电台经济广播
1022,山东省,烟台市,龙口市,1035,1,中央人民广播电台中国之声
1023,山东省,烟台市,龙口市,1548,10,山东人民广播电台综合广播
1024,山东省,烟台市,龙口市,945,1,中央人民广播电台经济之声
1025,山东省,烟台市,市辖区,1314,10,烟台人民广播电台综合广播
1026,山东省,烟台市,市辖区,918,10,山东人民广播电台综合广播
1027,山东省,烟台市,市辖区,1035,10,中央人民广播电台中国之声
1028,山东省,枣庄市,市辖区,1035,10,中央人民广播电台中国之声
1029,山东省,枣庄市,市辖区,918,7.5,山东人民广播电台综合广播
1030,山东省,枣庄市,市辖区,1170,1,枣庄人民广播电台综合广播
1031,山东省,淄博市,沂源县,918,10,山东人民广播电台综合广播
1032,山东省,淄博市,沂源县,756,10,中央人民广播电台中国之声
1033,山东省,淄博市,张店区,1035,10,中央人民广播电台中国之声
1034,山东省,淄博市,张店区,1143,1,淄博人民广播电台综合广播
1035,山东省,淄博市,张店区,900,10,淄博人民广播电台交通文艺广播
1036,山东省,淄博市,张店区,801,10,淄博人民广播电台经济广播
1037,河南省,安阳市,市辖区,882,10,安阳人民广播电台新闻综合广播
1038,河南省,鹤壁市,浚县,756,50,中央人民广播电台中国之声
1039,河南省,鹤壁市,浚县,1332,10,河南广播电视台教育广播
1040,河南省,鹤壁市,市辖区,1107,1,鹤壁人民广播电台综合广播
1041,河南省,焦作市,解放区,828,10,焦作人民广播电台新闻综合广播
1042,河南省,开封市,金明区,873,10,开封市广播电视台综合广播
1043,河南省,洛阳市,西工区,576,10,洛阳市广播电视台综合广播
1044,河南省,漯河市,市辖区,1251,10,漯河人民广播电台综合广播
1045,河南省,南阳市,卧龙区,1332,10,河南广播电视台教育广播
1046,河南省,平顶山市,汝州市,882,1,汝州市广播电视台
1047,河南省,平顶山市,市辖区,1521,3,中央人民广播电台中国之声
1048,河南省,平顶山市,市辖区,747,10,平顶山人民广播电台综合广播
1049,河南省,濮阳市,市辖区,1251,10,濮阳人民广播电台综合广播
1050,河南省,三门峡市,市辖区,801,10,三门峡人民广播电台综合广播
1051,河南省,商丘市,市辖区,1332,10,河南广播电视台教育广播
1052,河南省,商丘市,市辖区,729,10,商丘人民广播电台综合广播
1053,河南省,商丘市,市辖区,927,1,商丘市广播电视台经济广播
1054,河南省,省直辖县级行政单位,济源市,729,1,济源市广播电视台
1055,河南省,新乡市,辉县市,1206,1,辉县市广播电视台
1056,河南省,新乡市,新乡县,801,10,新乡人民广播电台综合广播
1057,河南省,信阳市,潢川县,1332,10,河南广播电视台教育广播
1058,河南省,信阳市,市辖区,837,1,信阳人民广播电台综合广播
1059,河南省,许昌市,市辖区,1287,10,许昌人民广播电台综合广播
1060,河南省,许昌市,禹州市,657,300,河南广播电视台新闻广播
1061,河南省,许昌市,禹州市,603,50,河南广播电视台信息广播
1062,河南省,郑州市,巩义市,765,1,巩义市广播电视台
1063,河南省,郑州市,市辖区,549,25,郑州人民广播电台新闻综合广播
1064,河南省,郑州市,市辖区,711,10,郑州人民广播电台经济生活广播
1065,河南省,郑州市,市辖区,1143,50,河南广播电视台戏曲广播
1066,河南省,郑州市,新郑市,900,10,河南广播电视台旅游广播
1067,河南省,郑州市,荥阳市,1377,600,中央人民广播电台中国之声
1068,河南省,郑州市,荥阳市,630,150,中央人民广播电台经济之声
1069,河南省,郑州市,荥阳市,972,100,河南广播电视台农村广播
1070,河南省,周口市,市辖区,828,10,周口人民广播电台综合广播
1071,河南省,周口市,市辖区,1332,50,河南广播电视台教育广播
1072,河南省,驻马店市,市辖区,756,10,中央人民广播电台中国之声
1073,河南省,驻马店市,市辖区,810,10,驻马店人民广播电台综合广播
1074,湖北省,鄂州市,市辖区,1386,1,鄂州市广播电视台综合广播
1075,湖北省,恩施土家族苗族自治州,恩施市,1035,10,中央人民广播电台中国之声
1076,湖北省,恩施土家族苗族自治州,恩施市,1215,1,恩施土家族苗族自治州人民广播电台综合广播
1077,湖北省,恩施土家族苗族自治州,恩施市,774,50,湖北人民广播电台新闻综合广播
1078,湖北省,恩施土家族苗族自治州,利川市,1206,1,中央人民广播电台中国之声
1079,湖北省,黄冈市,麻城市,1053,1,中央人民广播电台中国之声
1080,湖北省,黄冈市,麻城市,1242,1,麻城市广播电视台
1081,湖北省,黄冈市,蕲春县,1404,50,湖北人民广播电台新闻综合广播
1082,湖北省,黄冈市,蕲春县,639,10,中央人民广播电台中国之声
1083,湖北省,黄石市,市辖区,963,10,黄石人民广播电台综合广播
1084,湖北省,荆门市,东宝区,1161,1,荆门市广播电视台综合广播
1085,湖北省,荆州市,荆州区,639,10,中央人民广播电台中国之声
1086,湖北省,荆州市,石首市,1170,1,中央人民广播电台中国之声
1087,湖北省,荆州市,石首市,1386,1,石首市广播电视台
1088,湖北省,省直辖县级行政单位,潜江市,1242,1,潜江市广播电视台
1089,湖北省,省直辖县级行政单位,天门市,954,1,天门市广播电视台
1090,湖北省,十堰市,丹江口市,1431,1,丹江口市广播电视台
1091,湖北省,十堰市,茅箭区,1035,10,中央人民广播电台中国之声
1092,湖北省,十堰市,茅箭区,774,10,湖北人民广播电台新闻综合广播
1093,湖北省,十堰市,茅箭区,1485,1,十堰人民广播电台综合广播
1094,湖北省,随州市,广水市,1368,1,广水市广播电视台
1095,湖北省,随州市,市辖区,639,10,中央人民广播电台中国之声
1096,湖北省,随州市,市辖区,1584,1,随州人民广播电台综合广播
1097,湖北省,武汉市,汉阳区,774,200,湖北人民广播电台新闻综合广播
1098,湖北省,武汉市,汉阳区,1179,10,湖北人民广播电台楚天资讯广播
1099,湖北省,武汉市,洪山区,603,10,武汉市广播电视台交通广播
1100,湖北省,武汉市,洪山区,873,50,武汉市广播电视台综合广播
1101,湖北省,武汉市,洪山区,1125,50,武汉市广播电视台经济广播
1102,湖北省,武汉市,市辖区,1035,50,中央人民广播电台中国之声
1103,湖北省,咸宁市,赤壁市,1008,1,中央人民广播电台中国之声
1104,湖北省,咸宁市,赤壁市,1341,1,赤壁市广播电视台
1105,湖北省,咸宁市,崇阳县,540,10,中央人民广播电台中国之声
1106,湖北省,咸宁市,崇阳县,1404,10,湖北人民广播电台新闻综合广播
1107,湖北省,咸宁市,咸安区,1314,1,湖北人民广播电台新闻综合广播
1108,湖北省,襄樊市,老河口市,603,1,中央人民广播电台中国之声
1109,湖北省,襄樊市,老河口市,1476,1,老河口市广播电视台
1110,湖北省,襄樊市,市辖区,639,10,中央人民广播电台中国之声
1111,湖北省,襄樊市,市辖区,1404,10,湖北人民广播电台新闻综合广播
1112,湖北省,襄樊市,市辖区,1314,10,襄樊人民广播电台综合广播
1113,湖北省,孝感市,大悟县,1485,1,湖北人民广播电台新闻综合广播
1114,湖北省,孝感市,孝南区,927,3,孝感人民广播电台综合广播
1115,湖北省,孝感市,应城市,1341,1,应城市广播电视台
1116,湖北省,宜昌市,市辖区,1035,10,中央人民广播电台中国之声
1117,湖北省,宜昌市,市辖区,621,10,宜昌人民广播电台新闻综合广播
1118,湖北省,宜昌市,兴山县,774,10,湖北人民广播电台新闻综合广播
1119,湖南省,长沙市,芙蓉区,900,50,湖南人民广播电台经济广播
1120,湖南省,长沙市,开福区,540,10,中央人民广播电台中国之声
1121,湖南省,长沙市,市辖区,1323,10,长沙人民广播电台新闻广播
1122,湖南省,常德市,津市市,1431,1,津市市广播电视台
1123,湖南省,常德市,市辖区,1260,1,常德人民广播电台综合广播
1124,湖南省,常德市,市辖区,1152,150,湖南人民广播电台综合广播
1125,湖南省,郴州市,桂阳县,1233,7.5,湖南人民广播电台综合广播
1126,湖南省,郴州市,市辖区,603,1,中央人民广播电台中国之声
1127,湖南省,衡阳市,市辖区,603,1,中央人民广播电台中国之声
1128,湖南省,衡阳市,市辖区,1152,10,湖南人民广播电台综合广播
1129,湖南省,衡阳市,市辖区,1071,10,衡阳人民广播电台综合广播
1130,湖南省,怀化市,市辖区,603,1,中央人民广播电台中国之声
1131,湖南省,怀化市,市辖区,1152,10,湖南人民广播电台综合广播
1132,湖南省,邵阳市,北塔区,1233,10,湖南人民广播电台综合广播
1133,湖南省,邵阳市,北塔区,1548,1,邵阳人民广播电台经济广播
1134,湖南省,邵阳市,市辖区,756,10,中央人民广播电台中国之声
1135,湖南省,湘潭市,市辖区,1503,1,湘潭人民广播电台新闻综合广播
1136,湖南省,湘潭市,市辖区,738,200,湖南人民广播电台综合广播
1137,湖南省,湘西土家族苗族自治州,凤凰县,1143,1,中央人民广播电台中国之声
1138,湖南省,湘西土家族苗族自治州,凤凰县,738,10,湖南人民广播电台综合广播
1139,湖南省,益阳市,赫山区,927,1,中央人民广播电台中国之声
1140,湖南省,永州市,市辖区,603,1,中央人民广播电台中国之声
1141,湖南省,永州市,市辖区,1152,10,湖南人民广播电台综合广播
1142,湖南省,岳阳市,岳阳楼区,927,1,中央人民广播电台中国之声
1143,湖南省,岳阳市,岳阳楼区,1233,7.5,湖南人民广播电台综合广播
1144,湖南省,岳阳市,岳阳楼区,693,1,岳阳人民广播电台综合广播
1145,湖南省,张家界市,市辖区,1035,1,中央人民广播电台中国之声
1146,湖南省,株洲市,市辖区,927,1,中央人民广播电台中国之声
1147,湖南省,株洲市,市辖区,1089,1,株洲人民广播电台综合广播
1148,广东省,潮州市,饶平县,612,3,广东广播电视台新闻广播
1149,广东省,潮州市,饶平县,1008,1,广东广播电视台音乐之声
1150,广东省,潮州市,饶平县,1503,1,广东广播电视台珠江经济台
1151,广东省,广州市,海珠区,927,10,广东广播电视台股市广播
1152,广东省,广州市,海珠区,999,10,广东广播电视台南方生活广播
1153,广东省,广州市,海珠区,1098,10,广州人民广播电台经济交通广播
1154,广东省,广州市,海珠区,1170,10,广州人民广播电台青少年广播
1155,广东省,广州市,花都区,756,50,中央人民广播电台中国之声
1156,广东省,广州市,花都区,648,50,广东广播电视台新闻广播
1157,广东省,广州市,花都区,1062,150,广东广播电视台珠江经济台
1158,广东省,河源市,东源县,981,50,中央人民广播电台中国之声
1159,广东省,河源市,东源县,828,50,广东广播电视台新闻广播
1160,广东省,河源市,和平县,1206,1,广东广播电视台新闻广播
1161,广东省,河源市,和平县,747,1,广东广播电视台音乐之声
1162,广东省,惠州市,惠东县,900,10,中央人民广播电台中国之声
1163,广东省,惠州市,惠东县,1206,10,广东广播电视台新闻广播
1164,广东省,惠州市,惠东县,1008,3,广东广播电视台音乐之声
1165,广东省,惠州市,市辖区,846,10,广东广播电视台新闻广播
1166,广东省,惠州市,市辖区,927,1,惠州市广播电视台音乐广播
1167,广东省,惠州市,市辖区,1170,10,中央人民广播电台中国之声
1168,广东省,江门市,新会区,900,50,中央人民广播电台中国之声
1169,广东省,江门市,新会区,1008,3,广东广播电视台珠江经济台
1170,广东省,江门市,新会区,1422,3,广东广播电视台音乐之声
1171,广东省,江门市,新会区,1206,10,江门市广播电视台旅游之声
1172,广东省,江门市,新会区,846,3,广东广播电视台新闻广播
1173,广东省,揭阳市,市辖区,756,10,中央人民广播电台中国之声
1174,广东省,揭阳市,市辖区,927,3,广东广播电视台珠江经济台
1175,广东省,揭阳市,市辖区,1017,10,广东广播电视台新闻广播
1176,广东省,揭阳市,市辖区,1098,1,揭阳人民广播电台交通旅游广播
1177,广东省,茂名市,市辖区,801,50,广东广播电视台珠江经济台
1178,广东省,茂名市,市辖区,981,50,中央人民广播电台中国之声
1179,广东省,茂名市,市辖区,1170,10,广东广播电视台新闻广播
1180,广东省,梅州市,大埔县,1170,1,中央人民广播电台中国之声
1181,广东省,梅州市,市辖区,783,20,广东广播电视台新闻广播
1182,广东省,汕头市,澄海区,1206,10,广东广播电视台新闻广播
1183,广东省,汕头市,澄海区,747,1,广东广播电视台珠江经济台
1184,广东省,汕头市,澄海区,1008,1,广东广播电视台音乐之声
1185,广东省,汕头市,市辖区,1080,10,汕头人民广播电台综合广播
1186,广东省,汕尾市,海丰县,747,10,中央人民广播电台中国之声
1187,广东省,汕尾市,海丰县,1206,10,广东广播电视台新闻广播
1188,广东省,韶关市,武江区,603,10,中央人民广播电台中国之声
1189,广东省,韶关市,武江区,765,10,韶关广播电视台交通旅游广播
1190,广东省,韶关市,武江区,1017,50,广东广播电视台新闻广播
1191,广东省,韶关市,武江区,1521,1,广东广播电视台珠江经济台
1192,广东省,深圳市,宝安区,981,10,中央人民广播电台中国之声
1193,广东省,深圳市,宝安区,1206,50,广东广播电视台新闻广播
1194,广东省,深圳市,宝安区,1143,5,广东广播电视台珠江经济台
1195,广东省,深圳市,宝安区,900,5,深圳人民广播电台新闻广播
1196,广东省,深圳市,宝安区,1008,5,广东广播电视台音乐之声
1197,广东省,深圳市,宝安区,1287,30,深圳人民广播电台生活广播
1198,广东省,阳江市,市辖区,1170,10,中央人民广播电台中国之声
1199,广东省,阳江市,市辖区,927,3,广东广播电视台珠江经济台
1200,广东省,阳江市,市辖区,846,10,广东广播电视台新闻广播
1201,广东省,湛江市,赤坎区,747,1,广东广播电视台新闻广播
1202,广东省,湛江市,赤坎区,927,10,广东广播电视台珠江经济台
1203,广东省,湛江市,赤坎区,1134,10,湛江人民广播电台交通音乐广播
1204,广东省,湛江市,市辖区,603,10,中央人民广播电台中国之声
1205,广东省,肇庆市,高要市,747,1,中央人民广播电台中国之声
1206,广东省,肇庆市,市辖区,846,10,广东广播电视台新闻广播
1207,广东省,中山市,中山市,747,10,中央人民广播电台中国之声
1208,广东省,中山市,中山市,927,1,中山市广播电视台环保旅游之声
1209,广东省,中山市,中山市,1008,10,广东广播电视台新闻广播
1210,广东省,珠海市,市辖区,756,50,中央人民广播电台中国之声
1211,广西壮族自治区,百色市,靖西县,1359,10,中央人民广播电台中国之声
1212,广西壮族自治区,百色市,靖西县,1440,10,广西人民广播电台综合广播
1213,广西壮族自治区,百色市,那坡县,756,1,中央人民广播电台中国之声
1214,广西壮族自治区,百色市,那坡县,1071,1,广西人民广播电台综合广播
1215,广西壮族自治区,百色市,市辖区,756,10,中央人民广播电台中国之声
1216,广西壮族自治区,百色市,市辖区,1440,50,广西人民广播电台综合广播
1217,广西壮族自治区,百色市,市辖区,1224,1,广西人民广播电台经济广播
1218,广西壮族自治区,北海市,市辖区,1143,1,广西人民广播电台教育广播
1219,广西壮族自治区,崇左市,大新县,1359,1,中央人民广播电台中国之声
1220,广西壮族自治区,崇左市,大新县,1440,1,广西人民广播电台综合广播
1221,广西壮族自治区,崇左市,大新县,1575,1,广西人民广播电台经济广播
1222,广西壮族自治区,崇左市,龙州县,1359,10,中央人民广播电台中国之声
1223,广西壮族自治区,崇左市,龙州县,1440,10,广西人民广播电台综合广播
1224,广西壮族自治区,崇左市,龙州县,1251,1,广西人民广播电台经济广播
1225,广西壮族自治区,崇左市,宁明县,756,10,中央人民广播电台中国之声
1226,广西壮族自治区,崇左市,宁明县,1071,10,广西人民广播电台综合广播
1227,广西壮族自治区,崇左市,宁明县,1251,1,广西人民广播电台经济广播
1228,广西壮族自治区,崇左市,凭祥市,792,10,广西人民广播电台综合广播
1229,广西壮族自治区,崇左市,凭祥市,639,10,中央人民广播电台中国之声
1230,广西壮族自治区,崇左市,凭祥市,1575,1,广西人民广播电台经济广播
1231,广西壮族自治区,防城港市,防城区,639,10,中央人民广播电台中国之声
1232,广西壮族自治区,防城港市,上思县,1440,1,广西人民广播电台综合广播
1233,广西壮族自治区,防城港市,市辖区,792,10,广西人民广播电台综合广播
1234,广西壮族自治区,桂林市,灵川县,639,50,中央人民广播电台中国之声
1235,广西壮族自治区,桂林市,灵川县,792,50,广西人民广播电台综合广播
1236,广西壮族自治区,桂林市,市辖区,1485,1,桂林人民广播电台综合广播
1237,广西壮族自治区,河池市,凤山县,1440,1,广西人民广播电台综合广播
1238,广西壮族自治区,河池市,河池市,792,1,广西人民广播电台综合广播
1239,广西壮族自治区,河池市,宜州市,1440,10,广西人民广播电台综合广播
1240,广西壮族自治区,柳州市,市辖区,639,50,中央人民广播电台中国之声
1241,广西壮族自治区,柳州市,市辖区,1386,3,柳州人民广播电台综合广播
1242,广西壮族自治区,柳州市,市辖区,792,50,广西人民广播电台综合广播
1243,广西壮族自治区,南宁市,市辖区,639,10,中央人民广播电台中国之声
1244,广西壮族自治区,南宁市,市辖区,1305,10,中央人民广播电台经济之声
1245,广西壮族自治区,南宁市,市辖区,792,200,广西人民广播电台综合广播
1246,广西壮族自治区,南宁市,市辖区,1224,100,广西人民广播电台经济广播
1247,广西壮族自治区,南宁市,市辖区,927,3,广西北部湾之声
1248,广西壮族自治区,钦州市,灵山县,1485,1,广西人民广播电台综合广播
1249,广西壮族自治区,钦州市,市辖区,1071,5,广西人民广播电台综合广播
1250,广西壮族自治区,钦州市,市辖区,846,1,广西人民广播电台经济广播
1251,广西壮族自治区,梧州市,蒙山县,1440,3,广西人民广播电台综合广播
1252,广西壮族自治区,梧州市,市辖区,1224,3,广西人民广播电台经济广播
1253,广西壮族自治区,玉林市,市辖区,792,50,广西人民广播电台综合广播
1254,广西壮族自治区,玉林市,市辖区,1224,50,广西人民广播电台经济广播
1255,广西壮族自治区,玉林市,玉州区,639,50,中央人民广播电台中国之声
1256,海南省,海口市,琼山区,756,50,中央人民广播电台中国之声
1257,海南省,海口市,琼山区,954,50,海南广播电视台新闻广播
1258,海南省,海口市,琼山区,666,10,海南广播电视台民生广播
1259,海南省,省直辖县级行政单位,儋州市,540,10,中央人民广播电台中国之声
1260,海南省,省直辖县级行政单位,儋州市,720,10,中央人民广播电台经济之声
1261,海南省,省直辖县级行政单位,儋州市,1089,10,海南广播电视台新闻广播
1262,海南省,省直辖县级行政单位,五指山市,1107,10,海南广播电视台新闻广播
1263,重庆市,市辖区,涪陵区,909,10,重庆人民广播电台综合广播
1264,重庆市,市辖区,黔江区,639,1,中央人民广播电台中国之声
1265,重庆市,市辖区,沙坪坝区,1314,50,重庆人民广播电台综合广播
1266,重庆市,市辖区,沙坪坝区,1080,50,重庆人民广播电台经济广播
1267,重庆市,市辖区,沙坪坝区,855,50,中央人民广播电台经济之声
1268,重庆市,市辖区,沙坪坝区,900,1,重庆人民广播电台都市广播
1269,重庆市,市辖区,沙坪坝区,981,50,中央人民广播电台中国之声
1270,重庆市,市辖区,万州区,909,10,中央人民广播电台中国之声
1271,重庆市,市辖县,奉节县,909,1,中央人民广播电台中国之声
1272,四川省,阿坝藏族羌族自治州,阿坝县,639,1,中央人民广播电台中国之声
1273,四川省,阿坝藏族羌族自治州,阿坝县,1116,1,四川人民广播电台综合广播
1274,四川省,阿坝藏族羌族自治州,阿坝县,1305,1,中央人民广播电台藏语广播
1275,四川省,阿坝藏族羌族自治州,红原县,1359,10,中央人民广播电台中国之声
1276,四川省,阿坝藏族羌族自治州,红原县,909,10,四川人民广播电台综合广播
1277,四川省,阿坝藏族羌族自治州,红原县,720,10,中央人民广播电台藏语广播
1278,四川省,阿坝藏族羌族自治州,九寨沟县,981,1,中央人民广播电台中国之声
1279,四川省,阿坝藏族羌族自治州,九寨沟县,612,1,四川人民广播电台经济广播
1280,四川省,阿坝藏族羌族自治州,九寨沟县,855,1,中央人民广播电台藏语广播
1281,四川省,阿坝藏族羌族自治州,马尔康县,981,3,中央人民广播电台中国之声
1282,四川省,阿坝藏族羌族自治州,马尔康县,612,1,四川人民广播电台综合广播
1283,四川省,阿坝藏族羌族自治州,马尔康县,855,3,中央人民广播电台藏语广播
1284,四川省,阿坝藏族羌族自治州,马尔康县,1485,1,阿坝藏族羌族自治州人民广播电台安多藏语综合广播
1285,四川省,阿坝藏族羌族自治州,茂县,1359,1,中央人民广播电台中国之声
1286,四川省,阿坝藏族羌族自治州,茂县,909,1,四川人民广播电台综合广播
1287,四川省,阿坝藏族羌族自治州,茂县,1206,1,中央人民广播电台藏语广播
1288,四川省,阿坝藏族羌族自治州,壤塘县,981,1,中央人民广播电台中国之声
1289,四川省,阿坝藏族羌族自治州,壤塘县,612,1,四川人民广播电台综合广播
1290,四川省,阿坝藏族羌族自治州,壤塘县,1206,1,中央人民广播电台藏语广播
1291,四川省,阿坝藏族羌族自治州,若尔盖县,981,1,中央人民广播电台中国之声
1292,四川省,阿坝藏族羌族自治州,若尔盖县,1143,1,阿坝藏族羌族自治州人民广播电台安多藏语综合广播
1293,四川省,阿坝藏族羌族自治州,若尔盖县,612,1,四川人民广播电台综合广播
1294,四川省,阿坝藏族羌族自治州,若尔盖县,855,1,中央人民广播电台藏语广播
1295,四川省,阿坝藏族羌族自治州,松潘县,981,1,中央人民广播电台中国之声
1296,四川省,阿坝藏族羌族自治州,松潘县,612,1,四川人民广播电台经济广播
1297,四川省,阿坝藏族羌族自治州,松潘县,1305,1,中央人民广播电台藏语广播
1298,四川省,成都市,锦江区,792,10,成都人民广播电台新闻广播
1299,四川省,成都市,锦江区,1485,1,成都人民广播电台文化休闲广播
1300,四川省,成都市,市辖区,639,100,中央人民广播电台中国之声
1301,四川省,成都市,市辖区,1116,100,四川人民广播电台综合广播
1302,四川省,成都市,市辖区,954,10,四川人民广播电台民族广播
1303,四川省,成都市,武侯区,1305,1,中央人民广播电台经济之声
1304,四川省,达州市,达县,1521,1,中央人民广播电台中国之声
1305,四川省,达州市,达县,612,10,四川人民广播电台综合广播
1306,四川省,德阳市,旌阳区,1098,1,德阳人民广播电台综合广播
1307,四川省,甘孜藏族自治州,巴塘县,981,1,中央人民广播电台中国之声
1308,四川省,甘孜藏族自治州,巴塘县,612,1,四川人民广播电台综合广播
1309,四川省,甘孜藏族自治州,巴塘县,855,1,中央人民广播电台藏语广播
1310,四川省,甘孜藏族自治州,道孚县,639,1,中央人民广播电台中国之声
1311,四川省,甘孜藏族自治州,道孚县,1116,1,四川人民广播电台综合广播
1312,四川省,甘孜藏族自治州,道孚县,1008,1,中央人民广播电台藏语广播
1313,四川省,甘孜藏族自治州,稻城县,981,1,中央人民广播电台中国之声
1314,四川省,甘孜藏族自治州,稻城县,612,1,四川人民广播电台综合广播
1315,四川省,甘孜藏族自治州,稻城县,1305,1,中央人民广播电台藏语广播
1316,四川省,甘孜藏族自治州,甘孜县,639,1,中央人民广播电台中国之声
1317,四川省,甘孜藏族自治州,甘孜县,1116,1,四川人民广播电台综合广播
1318,四川省,甘孜藏族自治州,甘孜县,1305,1,中央人民广播电台藏语广播
1319,四川省,甘孜藏族自治州,康定县,612,1,四川人民广播电台综合广播
1320,四川省,甘孜藏族自治州,康定县,855,3,中央人民广播电台藏语广播
1321,四川省,甘孜藏族自治州,康定县,981,3,中央人民广播电台中国之声
1322,四川省,甘孜藏族自治州,理塘县,1359,1,中央人民广播电台中国之声
1323,四川省,甘孜藏族自治州,理塘县,909,1,四川人民广播电台综合广播
1324,四川省,甘孜藏族自治州,理塘县,720,1,中央人民广播电台藏语广播
1325,四川省,甘孜藏族自治州,炉霍县,1359,1,中央人民广播电台中国之声
1326,四川省,甘孜藏族自治州,炉霍县,909,1,四川人民广播电台综合广播
1327,四川省,甘孜藏族自治州,炉霍县,720,1,中央人民广播电台藏语广播
1328,四川省,甘孜藏族自治州,色达县,1359,3,中央人民广播电台中国之声
1329,四川省,甘孜藏族自治州,色达县,909,3,四川人民广播电台综合广播
1330,四川省,甘孜藏族自治州,色达县,720,3,中央人民广播电台藏语广播
1331,四川省,甘孜藏族自治州,石渠县,603,10,中央人民广播电台中国之声
1332,四川省,甘孜藏族自治州,石渠县,1008,10,四川人民广播电台综合广播
1333,四川省,甘孜藏族自治州,石渠县,1521,10,四川人民广播电台民族广播
1334,四川省,甘孜藏族自治州,石渠县,1305,10,中央人民广播电台藏语广播
1335,四川省,甘孜藏族自治州,乡城县,639,1,中央人民广播电台中国之声
1336,四川省,甘孜藏族自治州,乡城县,1116,1,四川人民广播电台综合广播
1337,四川省,甘孜藏族自治州,乡城县,1008,1,中央人民广播电台藏语广播
1338,四川省,广元市,市辖区,981,1,中央人民广播电台中国之声
1339,四川省,广元市,市辖区,909,10,四川人民广播电台综合广播
1340,四川省,乐山市,犍为县,1116,10,四川人民广播电台综合广播
1341,四川省,乐山市,市中区,1008,1,中央人民广播电台中国之声
1342,四川省,乐山市,市中区,1476,1,乐山人民广播电台综合广播
1343,四川省,乐山市,市中区,612,10,四川人民广播电台综合广播
1344,四川省,凉山彝族自治州,木里藏族自治县,981,0.1,中央人民广播电台中国之声
1345,四川省,凉山彝族自治州,木里藏族自治县,612,0.1,四川人民广播电台综合广播
1346,四川省,凉山彝族自治州,西昌市,909,50,四川人民广播电台综合广播
1347,四川省,泸州市,市辖区,747,1,中央人民广播电台中国之声
1348,四川省,泸州市,市辖区,612,10,四川人民广播电台综合广播
1349,四川省,泸州市,市辖区,954,1,泸州市广播电视台综合广播
1350,四川省,绵阳市,市辖区,909,10,四川人民广播电台综合广播
1351,四川省,绵阳市,市辖区,711,1,绵阳广播电视台综合广播
1352,四川省,内江市,东兴区,1278,1,内江市广播电视台综合广播
1353,四川省,内江市,东兴区,612,10,四川广播电视台综合广播
1354,四川省,南充市,高坪区,747,1,南充人民广播电台综合广播
1355,四川省,南充市,高坪区,1116,10,四川人民广播电台综合广播
1356,四川省,攀枝花市,市辖区,981,10,中央人民广播电台中国之声
1357,四川省,攀枝花市,市辖区,612,10,四川人民广播电台综合广播
1358,四川省,攀枝花市,市辖区,711,1,攀枝花市广播电视台综合广播
1359,四川省,遂宁市,安居区,1260,1,遂宁人民广播电台综合广播
1360,四川省,雅安市,雨城区,909,1,四川人民广播电台综合广播
1361,四川省,自贡市,市辖区,1422,10,自贡人民广播电台综合广播
1362,四川省,自贡市,市辖区,909,7.5,四川人民广播电台综合广播
1363,贵州省,安顺市,市辖区,1026,10,贵州广播电视台综合广播
1364,贵州省,安顺市,市辖区,666,1,安顺广播电视台综合广播
1365,贵州省,安顺市,西秀区,540,10,中央人民广播电台中国之声
1366,贵州省,毕节地区,毕节市,765,10,贵州广播电视台综合广播
1367,贵州省,毕节地区,毕节市,1143,1,中央人民广播电台中国之声
1368,贵州省,贵阳市,市辖区,540,25,中央人民广播电台中国之声
1369,贵州省,贵阳市,市辖区,765,25,贵州广播电视台综合广播
1370,贵州省,贵阳市,市辖区,999,10,贵阳广播电视台综合广播
1371,贵州省,贵阳市,市辖区,603,10,贵州广播电视台经济广播
1372,贵州省,贵阳市,修文县,1359,10,中央人民广播电台中国之声
1373,贵州省,贵阳市,修文县,1026,200,贵州广播电视台综合广播
1374,贵州省,六盘水市,六枝特区,927,10,贵州广播电视台综合广播
1375,贵州省,六盘水市,六枝特区,756,10,中央人民广播电台中国之声
1376,贵州省,六盘水市,钟山区,981,10,中央人民广播电台中国之声
1377,贵州省,六盘水市,钟山区,711,1,六盘水人民广播电台综合广播
1378,贵州省,六盘水市,钟山区,765,10,贵州广播电视台综合广播
1379,贵州省,黔东南苗族侗族自治州,凯里市,1359,10,中央人民广播电台中国之声
1380,贵州省,黔东南苗族侗族自治州,凯里市,927,10,贵州广播电视台综合广播
1381,贵州省,黔南布依族苗族自治州,都匀市,603,1,中央人民广播电台中国之声
1382,贵州省,黔南布依族苗族自治州,都匀市,1026,10,贵州广播电视台综合广播
1383,贵州省,黔南布依族苗族自治州,都匀市,882,1,黔南布依族苗族自治州广播电视台综合广播
1384,贵州省,黔西南布依族苗族自治州,兴义市,1359,10,中央人民广播电台中国之声
1385,贵州省,黔西南布依族苗族自治州,兴义市,1026,10,贵州广播电视台综合广播
1386,贵州省,铜仁地区,铜仁市,981,10,中央人民广播电台中国之声
1387,贵州省,铜仁地区,铜仁市,765,10,贵州广播电视台综合广播
1388,贵州省,遵义市,汇川区,540,10,中央人民广播电台中国之声
1389,贵州省,遵义市,汇川区,765,10,贵州广播电视台综合广播
1390,贵州省,遵义市,汇川区,1143,1,遵义市广播电视台综合广播
1391,云南省,保山市,隆阳区,1359,10,中央人民广播电台中国之声
1392,云南省,保山市,隆阳区,576,10,云南广播电视台新闻广播
1393,云南省,保山市,腾冲县,540,10,中央人民广播电台中国之声
1394,云南省,保山市,腾冲县,990,10,云南广播电视台新闻广播
1395,云南省,楚雄彝族自治州,楚雄市,1287,10,楚雄彝族自治州人民广播电台综合广播
1396,云南省,楚雄彝族自治州,楚雄市,576,10,云南广播电视台新闻广播
1397,云南省,楚雄彝族自治州,楚雄市,1098,1,云南广播电视台新闻广播
1398,云南省,楚雄彝族自治州,姚安县,1197,1,楚雄彝族自治州人民广播电台综合广播
1399,云南省,楚雄彝族自治州,永仁县,1359,10,中央人民广播电台中国之声
1400,云南省,楚雄彝族自治州,永仁县,1535,10,云南广播电视台新闻广播
1401,云南省,楚雄彝族自治州,永仁县,990,1,云南广播电视台新闻广播
1402,云南省,大理白族自治州,大理市,1359,10,中央人民广播电台中国之声
1403,云南省,大理白族自治州,大理市,576,10,云南广播电视台新闻广播
1404,云南省,大理白族自治州,大理市,1044,1,大理市广播电视台广播节目
1405,云南省,大理白族自治州,剑川县,1008,0.1,剑川县广播电视台
1406,云南省,大理白族自治州,祥云县,927,1,祥云县广播电视台广播节目
1407,云南省,德宏傣族景颇族自治州,陇川县,1395,1,中央人民广播电台中国之声
1408,云南省,德宏傣族景颇族自治州,陇川县,846,1,云南广播电视台新闻广播
1409,云南省,德宏傣族景颇族自治州,潞西市,540,10,中央人民广播电台中国之声
1410,云南省,德宏傣族景颇族自治州,潞西市,900,50,德宏傣族景颇族自治州广播电视台综合广播(民族语)
1411,云南省,德宏傣族景颇族自治州,潞西市,990,10,云南广播电视台新闻广播
1412,云南省,德宏傣族景颇族自治州,瑞丽市,1359,10,中央人民广播电台中国之声
1413,云南省,德宏傣族景颇族自治州,瑞丽市,576,10,云南广播电视台新闻广播
1414,云南省,德宏傣族景颇族自治州,盈江县,1359,10,中央人民广播电台中国之声
1415,云南省,德宏傣族景颇族自治州,盈江县,990,10,云南广播电视台新闻广播
1416,云南省,迪庆藏族自治州,香格里拉县,1359,10,中央人民广播电台中国之声
1417,云南省,迪庆藏族自治州,香格里拉县,855,10,中央人民广播电台藏语广播
1418,云南省,迪庆藏族自治州,香格里拉县,675,10,迪庆藏族自治州人民广播电台综合广播
1419,云南省,迪庆藏族自治州,香格里拉县,576,10,云南广播电视台新闻广播
1420,云南省,红河哈尼族彝族自治州,个旧市,1359,10,中央人民广播电台中国之声
1421,云南省,红河哈尼族彝族自治州,个旧市,702,10,红河哈尼族彝族自治州广播电视台综合广播
1422,云南省,红河哈尼族彝族自治州,个旧市,990,10,云南广播电视台新闻广播
1423,云南省,红河哈尼族彝族自治州,个旧市,675,1,个旧市广播电视台
1424,云南省,红河哈尼族彝族自治州,河口瑶族自治县,1359,10,中央人民广播电台中国之声
1425,云南省,红河哈尼族彝族自治州,河口瑶族自治县,990,10,云南广播电视台新闻广播
1426,云南省,红河哈尼族彝族自治州,建水县,1008,0.1,建水县广播电视台
1427,云南省,红河哈尼族彝族自治州,金平苗族瑶族傣族自治县,1359,10,中央人民广播电台中国之声
1428,云南省,红河哈尼族彝族自治州,金平苗族瑶族傣族自治县,576,10,云南广播电视台新闻广播
1429,云南省,红河哈尼族彝族自治州,开远市,1575,1,开远市广播电视台
1430,云南省,红河哈尼族彝族自治州,绿春县,540,10,中央人民广播电台中国之声
1431,云南省,红河哈尼族彝族自治州,绿春县,990,10,云南广播电视台新闻广播
1432,云南省,昆明市,安宁市,1008,200,中央人民广播电台中国之声
1433,云南省,昆明市,安宁市,855,50,中央人民广播电台经济之声
1434,云南省,昆明市,东川区,1359,1,中央人民广播电台中国之声
1435,云南省,昆明市,东川区,576,10,云南广播电视台新闻广播
1436,云南省,昆明市,市辖区,576,200,云南广播电视台新闻广播
1437,云南省,昆明市,市辖区,1053,1,云南人民广播电台经济广播
1438,云南省,昆明市,市辖区,1143,1,云南人民广播电台香格里拉之声
1439,云南省,昆明市,市辖区,1251,1,云南人民广播电台教育广播
1440,云南省,丽江市,玉龙县,540,10,中央人民广播电台中国之声
1441,云南省,丽江市,玉龙县,990,10,云南广播电视台新闻广播
1442,云南省,临沧市,沧源佤族自治县,1359,1,中央人民广播电台中国之声
1443,云南省,临沧市,沧源佤族自治县,576,1,云南广播电视台新闻广播
1444,云南省,临沧市,耿马傣族佤族自治县,540,10,中央人民广播电台中国之声
1445,云南省,临沧市,耿马傣族佤族自治县,990,10,云南广播电视台新闻广播
1446,云南省,临沧市,临翔区,576,1,云南广播电视台新闻广播
1447,云南省,临沧市,临翔区,1359,10,中央人民广播电台中国之声
1448,云南省,临沧市,镇康县,1359,1,中央人民广播电台中国之声
1449,云南省,临沧市,镇康县,576,1,云南广播电视台新闻广播
1450,云南省,怒江傈僳族自治州,福贡县,1395,1,中央人民广播电台中国之声
1451,云南省,怒江傈僳族自治州,福贡县,846,1,云南广播电视台新闻广播
1452,云南省,怒江傈僳族自治州,贡山独龙族怒族自治县,1134,1,中央人民广播电台中国之声
1453,云南省,怒江傈僳族自治州,贡山独龙族怒族自治县,1584,1,云南广播电视台新闻广播
1454,云南省,怒江傈僳族自治州,泸水市,990,10,云南广播电视台新闻广播
1455,云南省,怒江傈僳族自治州,泸水县,1359,10,中央人民广播电台中国之声
1456,云南省,普洱市,江城哈尼族彝族自治县,1359,10,中央人民广播电台中国之声
1457,云南省,普洱市,江城哈尼族彝族自治县,990,10,云南广播电视台新闻广播
1458,云南省,普洱市,景东彝族自治县,1359,1,中央人民广播电台中国之声
1459,云南省,普洱市,景东彝族自治县,990,10,云南广播电视台新闻广播
1460,云南省,普洱市,澜沧拉祜族自治县,1134,1,中央人民广播电台中国之声
1461,云南省,普洱市,澜沧拉祜族自治县,1395,1,云南广播电视台新闻广播
1462,云南省,普洱市,孟连傣族拉祜族佤族自治县,1359,10,中央人民广播电台中国之声
1463,云南省,普洱市,孟连傣族拉祜族佤族自治县,576,10,云南广播电视台新闻广播
1464,云南省,普洱市,宁洱哈尼族彝族自治县,540,1,中央人民广播电台中国之声
1465,云南省,普洱市,宁洱哈尼族彝族自治县,990,1,云南广播电视台新闻广播
1466,云南省,普洱市,思茅区,1359,10,中央人民广播电台中国之声
1467,云南省,普洱市,思茅区,576,10,云南广播电视台新闻广播
1468,云南省,普洱市,西盟佤族自治县,846,1,中央人民广播电台中国之声
1469,云南省,普洱市,西盟佤族自治县,1197,1,云南广播电视台新闻广播
1470,云南省,曲靖市,麒麟区,540,10,中央人民广播电台中国之声
1471,云南省,曲靖市,麒麟区,990,10,云南广播电视台新闻广播
1472,云南省,文山壮族苗族自治州,富宁县,1359,10,中央人民广播电台中国之声
1473,云南省,文山壮族苗族自治州,富宁县,576,10,云南广播电视台新闻广播
1474,云南省,文山壮族苗族自治州,麻栗坡县,540,10,中央人民广播电台中国之声
1475,云南省,文山壮族苗族自治州,麻栗坡县,990,10,云南广播电视台新闻广播
1476,云南省,文山壮族苗族自治州,马关县,540,10,中央人民广播电台中国之声
1477,云南省,文山壮族苗族自治州,马关县,990,1,云南广播电视台新闻广播
1478,云南省,文山壮族苗族自治州,文山县,1359,10,中央人民广播电台中国之声
1479,云南省,文山壮族苗族自治州,文山县,1053,10,文山壮族苗族自治州人民广播电台综合广播
1480,云南省,文山壮族苗族自治州,文山县,576,10,云南广播电视台新闻广播
1481,云南省,西双版纳傣族自治州,景洪市,540,50,中央人民广播电台中国之声
1482,云南省,西双版纳傣族自治州,景洪市,990,10,云南广播电视台新闻广播
1483,云南省,西双版纳傣族自治州,景洪市,747,10,西双版纳广播电视台综合广播
1484,云南省,西双版纳傣族自治州,勐腊县,1359,10,中央人民广播电台中国之声
1485,云南省,西双版纳傣族自治州,勐腊县,576,1,云南广播电视台新闻广播
1486,云南省,玉溪市,红塔区,990,10,云南广播电视台新闻广播
1487,云南省,玉溪市,红塔区,1359,10,中央人民广播电台中国之声
1488,云南省,玉溪市,元江哈尼族彝族傣族自治县,1359,1,中央人民广播电台中国之声
1489,云南省,玉溪市,元江哈尼族彝族傣族自治县,990,1,云南广播电视台新闻广播
1490,云南省,昭通市,市辖区,540,10,中央人民广播电台中国之声
1491,云南省,昭通市,市辖区,990,10,云南广播电视台新闻广播
1492,西藏自治区,阿里地区,噶尔县,639,1,西藏人民广播电台藏语广播
1493,西藏自治区,阿里地区,噶尔县,936,1,西藏人民广播电台汉语广播
1494,西藏自治区,阿里地区,噶尔县,1134,1,中央人民广播电台中国之声
1495,西藏自治区,阿里地区,普兰县,1134,1,中央人民广播电台中国之声
1496,西藏自治区,阿里地区,普兰县,639,1,西藏人民广播电台藏语广播
1497,西藏自治区,阿里地区,普兰县,936,1,西藏人民广播电台汉语广播
1498,西藏自治区,阿里地区,日土县,1134,1,中央人民广播电台中国之声
1499,西藏自治区,阿里地区,日土县,1260,1,中央人民广播电台经济之声
1500,西藏自治区,阿里地区,日土县,639,1,西藏人民广播电台汉语广播
1501,西藏自治区,阿里地区,日土县,936,1,西藏人民广播电台藏语广播
1502,西藏自治区,昌都地区,察雅县,1323,1,中央人民广播电台藏语广播
1503,西藏自治区,昌都地区,察雅县,1098,1,中央人民广播电台中国之声
1504,西藏自治区,昌都地区,察雅县,639,1,西藏人民广播电台藏语广播
1505,西藏自治区,昌都地区,昌都县,1134,3,中央人民广播电台中国之声
1506,西藏自治区,昌都地区,昌都县,1260,3,西藏人民广播电台汉语广播
1507,西藏自治区,昌都地区,昌都县,720,3,西藏人民广播电台藏语广播
1508,西藏自治区,昌都地区,昌都县,981,3,中央人民广播电台藏语广播
1509,西藏自治区,昌都地区,丁青县,1098,1,中央人民广播电台中国之声
1510,西藏自治区,昌都地区,丁青县,639,1,西藏人民广播电台藏语广播
1511,西藏自治区,昌都地区,丁青县,1278,1,西藏人民广播电台汉语广播
1512,西藏自治区,昌都地区,芒康县,1134,1,中央人民广播电台中国之声
1513,西藏自治区,昌都地区,芒康县,936,1,西藏人民广播电台汉语广播
1514,西藏自治区,昌都地区,芒康县,639,1,西藏人民广播电台藏语广播
1515,西藏自治区,拉萨市,城关区,1134,10,中央人民广播电台中国之声
1516,西藏自治区,拉萨市,城关区,1377,200,西藏人民广播电台汉语广播
1517,西藏自治区,拉萨市,城关区,594,200,西藏人民广播电台藏语广播
1518,西藏自治区,拉萨市,城关区,783,10,西藏人民广播电台康巴语广播
1519,西藏自治区,拉萨市,城关区,1260,1,中央人民广播电台经济之声
1520,西藏自治区,拉萨市,当雄县,1134,1,中央人民广播电台中国之声
1521,西藏自治区,拉萨市,当雄县,1260,1,中央人民广播电台经济之声
1522,西藏自治区,拉萨市,当雄县,846,1,西藏人民广播电台汉语广播
1523,西藏自治区,拉萨市,当雄县,639,1,西藏人民广播电台藏语广播
1524,西藏自治区,林芝地区,波密县,1134,1,中央人民广播电台中国之声
1525,西藏自治区,林芝地区,波密县,1260,1,中央人民广播电台经济之声
1526,西藏自治区,林芝地区,波密县,639,1,西藏人民广播电台汉语广播
1527,西藏自治区,林芝地区,波密县,855,1,西藏人民广播电台藏语广播
1528,西藏自治区,林芝地区,察隅县,1134,1,中央人民广播电台中国之声
1529,西藏自治区,林芝地区,察隅县,1260,1,中央人民广播电台经济之声
1530,西藏自治区,林芝地区,察隅县,639,1,西藏人民广播电台汉语广播
1531,西藏自治区,林芝地区,察隅县,855,1,西藏人民广播电台藏语广播
1532,西藏自治区,林芝地区,工布江达县,1098,1,中央人民广播电台中国之声
1533,西藏自治区,林芝地区,工布江达县,639,1,西藏人民广播电台藏语广播
1534,西藏自治区,林芝地区,工布江达县,720,1,中央人民广播电台藏语广播
1535,西藏自治区,林芝地区,工布江达县,1278,1,西藏人民广播电台汉语广播
1536,西藏自治区,林芝地区,林芝县,981,10,中央人民广播电台经济之声
1537,西藏自治区,林芝地区,林芝县,639,1,西藏人民广播电台藏语广播
1538,西藏自治区,林芝地区,林芝县,1323,1,西藏人民广播电台汉语广播
1539,西藏自治区,林芝地区,林芝县,1134,1,中央人民广播电台中国之声
1540,西藏自治区,林芝地区,米林县,1134,1,中央人民广播电台中国之声
1541,西藏自治区,林芝地区,米林县,639,1,西藏人民广播电台藏语广播
1542,西藏自治区,林芝地区,米林县,783,1,西藏人民广播电台汉语广播
1543,西藏自治区,林芝地区,米林县,1278,1,中央人民广播电台藏语广播
1544,西藏自治区,那曲地区,那曲县,1134,1,中央人民广播电台中国之声
1545,西藏自治区,那曲地区,那曲县,1323,1,中央人民广播电台藏语广播
1546,西藏自治区,那曲地区,那曲县,639,1,西藏人民广播电台藏语广播
1547,西藏自治区,那曲地区,那曲县,936,1,西藏人民广播电台汉语广播
1548,西藏自治区,那曲地区,索县,1134,1,中央人民广播电台中国之声
1549,西藏自治区,那曲地区,索县,783,1,中央人民广播电台藏语广播
1550,西藏自治区,那曲地区,索县,1260,1,中央人民广播电台经济之声
1551,西藏自治区,那曲地区,索县,639,1,西藏人民广播电台汉语广播
1552,西藏自治区,那曲地区,索县,855,1,西藏人民广播电台藏语广播
1553,西藏自治区,日喀则地区,定日县,1134,1,中央人民广播电台中国之声
1554,西藏自治区,日喀则地区,定日县,1260,1,中央人民广播电台经济之声
1555,西藏自治区,日喀则地区,定日县,855,1,西藏人民广播电台汉语广播
1556,西藏自治区,日喀则地区,定日县,639,1,西藏人民广播电台藏语广播
1557,西藏自治区,日喀则地区,江孜县,1134,1,中央人民广播电台中国之声
1558,西藏自治区,日喀则地区,江孜县,720,1,西藏人民广播电台藏语广播
1559,西藏自治区,日喀则地区,江孜县,981,1,西藏人民广播电台汉语广播
1560,西藏自治区,日喀则地区,江孜县,1323,1,中央人民广播电台经济之声
1561,西藏自治区,日喀则地区,江孜县,540,1,中央人民广播电台藏语广播
1562,西藏自治区,日喀则地区,康马县,981,0.5,西藏人民广播电台藏语广播
1563,西藏自治区,日喀则地区,拉孜县,1134,1,中央人民广播电台中国之声
1564,西藏自治区,日喀则地区,拉孜县,1278,1,中央人民广播电台藏语广播
1565,西藏自治区,日喀则地区,拉孜县,1260,1,中央人民广播电台经济之声
1566,西藏自治区,日喀则地区,拉孜县,855,1,西藏人民广播电台汉语广播
1567,西藏自治区,日喀则地区,拉孜县,639,1,西藏人民广播电台藏语广播
1568,西藏自治区,日喀则地区,南木林县,1098,1,中央人民广播电台中国之声
1569,西藏自治区,日喀则地区,南木林县,720,1,西藏人民广播电台藏语广播
1570,西藏自治区,日喀则地区,南木林县,1278,1,西藏人民广播电台汉语广播
1571,西藏自治区,日喀则地区,聂拉木县,1134,1,中央人民广播电台中国之声
1572,西藏自治区,日喀则地区,聂拉木县,981,0.5,中央人民广播电台中国之声
1573,西藏自治区,日喀则地区,聂拉木县,1458,1,中央人民广播电台藏语广播
1574,西藏自治区,日喀则地区,聂拉木县,1548,0.5,西藏人民广播电台藏语广播
1575,西藏自治区,日喀则地区,聂拉木县,1260,1,中央人民广播电台经济之声
1576,西藏自治区,日喀则地区,聂拉木县,639,1,西藏人民广播电台汉语广播
1577,西藏自治区,日喀则地区,聂拉木县,855,1,西藏人民广播电台藏语广播
1578,西藏自治区,日喀则地区,日喀则市,639,3,中央人民广播电台中国之声
1579,西藏自治区,日喀则地区,日喀则市,783,3,中央人民广播电台藏语广播
1580,西藏自治区,日喀则地区,日喀则市,981,10,西藏人民广播电台汉语广播
1581,西藏自治区,日喀则地区,亚东县,639,10,中央人民广播电台中国之声
1582,西藏自治区,日喀则地区,亚东县,981,0.5,中央人民广播电台中国之声
1583,西藏自治区,日喀则地区,亚东县,1134,10,西藏人民广播电台藏语广播
1584,西藏自治区,日喀则地区,亚东县,981,10,西藏人民广播电台汉语广播
1585,西藏自治区,日喀则地区,亚东县,1323,3,中央人民广播电台藏语广播
1586,西藏自治区,山南地区,错那县,1134,1,中央人民广播电台中国之声
1587,西藏自治区,山南地区,错那县,639,1,西藏人民广播电台藏语广播
1588,西藏自治区,山南地区,错那县,936,1,西藏人民广播电台汉语广播
1589,西藏自治区,山南地区,浪卡子县,1134,1,中央人民广播电台中国之声
1590,西藏自治区,山南地区,浪卡子县,1323,1,中央人民广播电台经济之声
1591,西藏自治区,山南地区,浪卡子县,639,1,西藏人民广播电台汉语广播
1592,西藏自治区,山南地区,浪卡子县,936,1,西藏人民广播电台藏语广播
1593,西藏自治区,山南地区,隆子县,1134,1,中央人民广播电台中国之声
1594,西藏自治区,山南地区,隆子县,540,1,西藏人民广播电台藏语广播
1595,西藏自治区,山南地区,隆子县,783,1,西藏人民广播电台汉语广播
1596,西藏自治区,山南地区,乃东县,1134,3,中央人民广播电台中国之声
1597,西藏自治区,山南地区,乃东县,1278,3,中央人民广播电台藏语广播
1598,西藏自治区,山南地区,乃东县,639,3,西藏人民广播电台藏语广播
1599,西藏自治区,山南地区,乃东县,936,3,西藏人民广播电台汉语广播
1600,西藏自治区,山南地区,乃东县,1341,1,山南市广播电视台综合广播
1601,陕西省,安康市,汉滨区,693,10,陕西人民广播电台新闻广播
1602,陕西省,安康市,汉滨区,1359,10,中央人民广播电台中国之声
1603,陕西省,宝鸡市,金台区,1071,10,宝鸡人民广播电台综合广播
1604,陕西省,汉中市,汉台区,1008,10,陕西人民广播电台新闻广播
1605,陕西省,汉中市,汉台区,756,10,中央人民广播电台中国之声
1606,陕西省,商洛市,商州区,1521,1,陕西人民广播电台新闻广播
1607,陕西省,商洛市,商州区,639,1,中央人民广播电台中国之声
1608,陕西省,铜川市,市辖区,1134,1,铜川市广播电视台综合广播
1609,陕西省,西安市,市辖区,1323,10,陕西人民广播电台交通广播
1610,陕西省,西安市,市辖区,747,10,陕西人民广播电台戏曲广播
1611,陕西省,西安市,市辖区,900,25,陕西人民广播电台农村广播
1612,陕西省,西安市,市辖区,810,10,西安市广播电视台新闻广播
1613,陕西省,西安市,未央区,603,10,陕西人民广播电台故事广播
1614,陕西省,咸阳市,市辖区,540,50,中央人民广播电台中国之声
1615,陕西省,咸阳市,市辖区,693,200,陕西人民广播电台新闻广播
1616,陕西省,咸阳市,兴平市,1296,1,咸阳人民广播电台综合广播
1617,陕西省,延安市,宝塔区,1008,10,陕西人民广播电台新闻广播
1618,陕西省,延安市,甘泉县,693,10,陕西人民广播电台新闻广播
1619,陕西省,延安市,市辖区,756,10,中央人民广播电台中国之声
1620,陕西省,榆林市,榆阳区,1359,1,中央人民广播电台中国之声
1621,陕西省,榆林市,榆阳区,855,1,中央人民广播电台经济之声
1622,陕西省,榆林市,榆阳区,693,1,陕西人民广播电台新闻广播
1623,甘肃省,白银市,会宁县,1305,1,中央人民广播电台中国之声
1624,甘肃省,白银市,靖远县,873,50,甘肃人民广播电台综合广播
1625,甘肃省,白银市,市辖区,540,10,中央人民广播电台中国之声
1626,甘肃省,定西市,安定区,603,1,中央人民广播电台中国之声
1627,甘肃省,定西市,陇西县,1035,50,中央人民广播电台中国之声
1628,甘肃省,定西市,陇西县,684,200,甘肃人民广播电台综合广播
1629,甘肃省,甘南藏族自治州,合作市,684,10,甘肃人民广播电台综合广播
1630,甘肃省,甘南藏族自治州,合作市,1332,10,甘南藏族自治州人民广播电台综合广播
1631,甘肃省,甘南藏族自治州,合作市,1035,10,中央人民广播电台中国之声
1632,甘肃省,甘南藏族自治州,合作市,900,10,中央人民广播电台藏语广播
1633,甘肃省,甘南藏族自治州,合作市,1197,10,甘南藏族自治州人民广播电台藏语广播
1634,甘肃省,甘南藏族自治州,玛曲县,603,1,中央人民广播电台中国之声
1635,甘肃省,甘南藏族自治州,玛曲县,1305,1,中央人民广播电台藏语广播
1636,甘肃省,甘南藏族自治州,玛曲县,1134,1,甘南藏族自治州人民广播电台综合广播
1637,甘肃省,甘南藏族自治州,夏河县,630,1,中央人民广播电台藏语广播
1638,甘肃省,甘南藏族自治州,夏河县,756,1,中央人民广播电台中国之声
1639,甘肃省,甘南藏族自治州,夏河县,873,1,甘肃人民广播电台综合广播
1640,甘肃省,甘南藏族自治州,夏河县,1305,1,甘南藏族自治州人民广播电台综合广播
1641,甘肃省,嘉峪关市,嘉峪关市,1035,10,中央人民广播电台中国之声
1642,甘肃省,嘉峪关市,嘉峪关市,684,10,甘肃人民广播电台综合广播
1643,甘肃省,金昌市,市辖区,1035,1,中央人民广播电台中国之声
1644,甘肃省,金昌市,市辖区,684,1,甘肃人民广播电台综合广播
1645,甘肃省,金昌市,市辖区,585,1,金昌市广播电视台综合广播
1646,甘肃省,酒泉市,敦煌市,756,1,中央人民广播电台中国之声
1647,甘肃省,酒泉市,肃北蒙古族自治县,1035,1,中央人民广播电台中国之声
1648,甘肃省,酒泉市,肃北蒙古族自治县,684,1,甘肃人民广播电台综合广播
1649,甘肃省,酒泉市,肃州区,603,1,中央人民广播电台中国之声
1650,甘肃省,酒泉市,玉门市,603,1,甘肃人民广播电台综合广播
1651,甘肃省,酒泉市,玉门市,1134,1,玉门市广播电视台
1652,甘肃省,兰州市,城关区,1035,10,中央人民广播电台中国之声
1653,甘肃省,兰州市,城关区,1305,10,中央人民广播电台经济之声
1654,甘肃省,兰州市,城关区,684,10,甘肃人民广播电台综合广播
1655,甘肃省,兰州市,城关区,1170,10,甘肃人民广播电台农村广播
1656,甘肃省,兰州市,市辖区,954,1,兰州人民广播电台综合广播
1657,甘肃省,临夏回族自治州,临夏市,1512,10,临夏回族自治州人民广播电台综合广播
1658,甘肃省,临夏回族自治州,临夏市,873,10,甘肃人民广播电台综合广播
1659,甘肃省,临夏回族自治州,临夏县,540,10,中央人民广播电台中国之声
1660,甘肃省,陇南市,成县,756,10,中央人民广播电台中国之声
1661,甘肃省,陇南市,成县,873,10,甘肃人民广播电台综合广播
1662,甘肃省,平凉市,静宁县,1008,1,中央人民广播电台中国之声
1663,甘肃省,平凉市,崆峒区,540,10,中央人民广播电台中国之声
1664,甘肃省,平凉市,崆峒区,1566,1,平凉人民广播电台综合广播
1665,甘肃省,庆阳市,环县,684,1,甘肃人民广播电台综合广播
1666,甘肃省,庆阳市,环县,1035,1,中央人民广播电台中国之声
1667,甘肃省,庆阳市,西峰区,684,10,甘肃人民广播电台综合广播
1668,甘肃省,庆阳市,西峰区,1035,10,中央人民广播电台中国之声
1669,甘肃省,庆阳市,正宁县,756,1,中央人民广播电台中国之声
1670,甘肃省,天水市,秦州区,756,10,中央人民广播电台中国之声
1671,甘肃省,天水市,秦州区,873,10,甘肃人民广播电台综合广播
1672,甘肃省,天水市,秦州区,1143,10,天水人民广播电台综合广播
1673,甘肃省,武威市,凉州区,756,10,中央人民广播电台中国之声
1674,甘肃省,武威市,凉州区,873,50,甘肃人民广播电台综合广播
1675,甘肃省,武威市,天祝藏族自治县,540,3,中央人民广播电台中国之声
1676,甘肃省,武威市,天祝藏族自治县,945,3,中央人民广播电台藏语广播
1677,甘肃省,武威市,天祝藏族自治县,747,3,甘肃人民广播电台综合广播
1678,甘肃省,武威市,天祝藏族自治县,1098,3,中央人民广播电台经济之声
1679,甘肃省,张掖市,甘州区,1035,10,中央人民广播电台中国之声
1680,甘肃省,张掖市,甘州区,684,10,甘肃人民广播电台综合广播
1681,青海省,果洛藏族自治州,达日县,540,10,中央人民广播电台中国之声
1682,青海省,果洛藏族自治州,达日县,846,10,中央人民广播电台新闻综合（藏语）
1683,青海省,果洛藏族自治州,达日县,621,10,青海广播电视台新闻综合广播
1684,青海省,果洛藏族自治州,达日县,1170,10,青海广播电视台藏语广播
1685,青海省,果洛藏族自治州,甘德县,1359,10,中央人民广播电台中国之声
1686,青海省,果洛藏族自治州,甘德县,585,10,中央人民广播电台新闻综合（藏语）
1687,青海省,果洛藏族自治州,甘德县,711,10,青海广播电视台新闻综合广播
1688,青海省,果洛藏族自治州,甘德县,1206,10,青海广播电视台藏语广播
1689,青海省,果洛藏族自治州,玛沁县,981,10,中央人民广播电台中国之声
1690,青海省,果洛藏族自治州,玛沁县,1539,10,青海人民广播电台藏语广播
1691,青海省,果洛藏族自治州,玛沁县,1305,10,中央人民广播电台藏语广播
1692,青海省,果洛藏族自治州,玛沁县,1476,1,中央人民广播电台中国之声
1693,青海省,果洛藏族自治州,玛沁县,855,1,中央人民广播电台藏语广播
1694,青海省,果洛藏族自治州,玛沁县,1017,1,青海广播电视台新闻综合广播
1695,青海省,果洛藏族自治州,玛沁县,1215,1,青海广播电视台藏语广播
1696,青海省,海北藏族自治州,海晏县,1053,10,中央人民广播电台中国之声
1697,青海省,海北藏族自治州,海晏县,855,10,中央人民广播电台藏语广播
1698,青海省,海北藏族自治州,海晏县,621,10,青海广播电视台新闻综合广播
1699,青海省,海北藏族自治州,海晏县,1170,3,青海广播电视台藏语广播
1700,青海省,海北藏族自治州,门源回族自治县,801,3,中央人民广播电台中国之声
1701,青海省,海北藏族自治州,门源回族自治县,1170,3,中央人民广播电台藏语广播
1702,青海省,海北藏族自治州,门源回族自治县,900,3,青海广播电视台藏语广播
1703,青海省,海北藏族自治州,祁连县,1359,10,中央人民广播电台中国之声
1704,青海省,海北藏族自治州,祁连县,855,10,中央人民广播电台藏语广播
1705,青海省,海北藏族自治州,祁连县,1215,10,青海广播电视台新闻综合广播
1706,青海省,海北藏族自治州,祁连县,1017,10,青海广播电视台藏语广播
1707,青海省,海东地区,互助土族自治县,1359,10,中央人民广播电台中国之声
1708,青海省,海东地区,互助土族自治县,711,10,青海广播电视台新闻综合广播
1709,青海省,海东地区,互助土族自治县,1017,10,青海广播电视台藏语广播
1710,青海省,海东地区,循化撒拉族自治县,981,10,中央人民广播电台中国之声
1711,青海省,海东地区,循化撒拉族自治县,1395,10,青海广播电视台新闻综合广播
1712,青海省,海东地区,循化撒拉族自治县,1206,10,青海广播电视台藏语广播
1713,青海省,海南藏族自治州,共和县,801,3,青海广播电视台藏语广播
1714,青海省,海南藏族自治州,共和县,1215,10,中央人民广播电台藏语广播
1715,青海省,海南藏族自治州,共和县,540,10,中央人民广播电台中国之声
1716,青海省,海南藏族自治州,共和县,1017,10,青海广播电视台新闻综合广播
1717,青海省,海南藏族自治州,贵德县,1170,3,青海广播电视台藏语广播
1718,青海省,海南藏族自治州,贵德县,855,10,中央人民广播电台藏语广播
1719,青海省,海南藏族自治州,贵德县,1359,10,中央人民广播电台中国之声
1720,青海省,海南藏族自治州,贵德县,621,10,青海广播电视台新闻综合广播
1721,青海省,海南藏族自治州,贵南县,1575,3,青海广播电视台新闻综合广播
1722,青海省,海南藏族自治州,贵南县,927,3,中央人民广播电台中国之声
1723,青海省,海南藏族自治州,贵南县,585,3,中央人民广播电台藏语广播
1724,青海省,海南藏族自治州,同德县,630,3,中央人民广播电台中国之声
1725,青海省,海南藏族自治州,同德县,1008,3,青海广播电视台新闻综合广播
1726,青海省,海南藏族自治州,同德县,1170,3,中央人民广播电台藏语广播
1727,青海省,海南藏族自治州,兴海县,927,3,中央人民广播电台中国之声
1728,青海省,海南藏族自治州,兴海县,612,3,中央人民广播电台藏语广播
1729,青海省,海南藏族自治州,兴海县,1206,3,青海广播电视台藏语广播
1730,青海省,海西蒙古族藏族自治州,德令哈市,1215,10,中央人民广播电台藏语广播
1731,青海省,海西蒙古族藏族自治州,德令哈市,540,10,中央人民广播电台中国之声
1732,青海省,海西蒙古族藏族自治州,德令哈市,882,10,海西蒙古族藏族人民广播电台汉语广播
1733,青海省,海西蒙古族藏族自治州,都兰县,981,10,中央人民广播电台中国之声
1734,青海省,海西蒙古族藏族自治州,都兰县,666,10,青海人民广播电台新闻综合广播
1735,青海省,海西蒙古族藏族自治州,都兰县,1206,10,青海人民广播电台藏语广播
1736,青海省,海西蒙古族藏族自治州,格尔木市,1539,10,中央人民广播电台中国之声
1737,青海省,海西蒙古族藏族自治州,格尔木市,900,10,中央人民广播电台经济之声
1738,青海省,海西蒙古族藏族自治州,格尔木市,711,10,青海人民广播电台新闻综合广播
1739,青海省,海西蒙古族藏族自治州,格尔木市,603,10,青海人民广播电台藏语广播
1740,青海省,海西蒙古族藏族自治州,格尔木市,1098,1000,中央人民广播电台藏语广播
1741,青海省,黄南藏族自治州,河南县,540,10,中央人民广播电台中国之声
1742,青海省,黄南藏族自治州,河南县,1422,10,中央人民广播电台新闻综合（藏语）
1743,青海省,黄南藏族自治州,河南县,666,10,青海广播电视台新闻综合广播
1744,青海省,黄南藏族自治州,河南县,1206,10,青海广播电视台藏语广播
1745,青海省,黄南藏族自治州,尖扎县,846,1,中央人民广播电台藏语广播
1746,青海省,黄南藏族自治州,尖扎县,1017,1,中央人民广播电台中国之声
1747,青海省,黄南藏族自治州,同仁县,711,1,中央人民广播电台中国之声
1748,青海省,黄南藏族自治州,同仁县,1539,1,青海人民广播电台藏语广播
1749,青海省,黄南藏族自治州,同仁县,1305,1,中央人民广播电台藏语广播
1750,青海省,西宁市,市辖区,981,10,中央人民广播电台中国之声
1751,青海省,西宁市,市辖区,1251,100,青海人民广播电台藏语广播
1752,青海省,西宁市,市辖区,666,200,青海人民广播电台新闻综合广播
1753,青海省,西宁市,市辖区,1143,10,青海人民广播电台经济广播
1754,青海省,西宁市,市辖区,1305,10,中央人民广播电台经济之声
1755,青海省,西宁市,市辖区,1476,10,西宁市广播电视台新闻综合广播
1756,青海省,玉树藏族自治州,囊谦县,1359,10,中央人民广播电台中国之声
1757,青海省,玉树藏族自治州,囊谦县,855,10,中央人民广播电台新闻综合（藏语）
1758,青海省,玉树藏族自治州,囊谦县,711,10,青海广播电视台新闻综合广播
1759,青海省,玉树藏族自治州,囊谦县,1017,10,青海广播电视台藏语广播
1760,青海省,玉树藏族自治州,玉树县,882,10,玉树藏族自治州人民广播电台康巴藏语综合广播
1761,青海省,玉树藏族自治州,治多县,540,10,中央人民广播电台中国之声
1762,青海省,玉树藏族自治州,治多县,1305,10,中央人民广播电台新闻综合（藏语）
1763,青海省,玉树藏族自治州,治多县,666,10,青海广播电视台新闻综合广播
1764,青海省,玉树藏族自治州,治多县,1170,10,青海广播电视台藏语广播
1765,宁夏回族自治区,固原市,彭阳县,891,10,宁夏人民广播电台新闻广播
1766,宁夏回族自治区,固原市,彭阳县,639,10,中央人民广播电台中国之声
1767,宁夏回族自治区,固原市,市辖区,1557,1,中央人民广播电台中国之声
1768,宁夏回族自治区,固原市,市辖区,1287,10,宁夏人民广播电台新闻广播
1769,宁夏回族自治区,固原市,原州区,756,10,中央人民广播电台中国之声
1770,宁夏回族自治区,石嘴山市,市辖区,756,10,中央人民广播电台中国之声
1771,宁夏回族自治区,吴忠市,利通区,1575,1,中央人民广播电台中国之声
1772,宁夏回族自治区,吴忠市,利通区,900,1,宁夏人民广播电台新闻广播
1773,宁夏回族自治区,吴忠市,利通区,1413,1,吴忠广播电视台综合广播
1774,宁夏回族自治区,吴忠市,青铜峡市,900,1,中央人民广播电台中国之声
1775,宁夏回族自治区,吴忠市,青铜峡市,1557,1,青铜峡市广播电视台
1776,宁夏回族自治区,吴忠市,青铜峡市,1008,1,宁夏人民广播电台新闻广播
1777,宁夏回族自治区,吴忠市,青铜峡市,1260,1,中央人民广播电台经济之声
1778,宁夏回族自治区,吴忠市,同心县,891,10,宁夏人民广播电台新闻广播
1779,宁夏回族自治区,吴忠市,同心县,1359,10,中央人民广播电台中国之声
1780,宁夏回族自治区,银川市,贺兰县,1359,10,中央人民广播电台中国之声
1781,宁夏回族自治区,银川市,市辖区,891,200,宁夏人民广播电台新闻广播
1782,宁夏回族自治区,银川市,市辖区,630,10,中央人民广播电台经济之声
1783,宁夏回族自治区,银川市,市辖区,801,10,银川人民广播电台综合广播
1784,宁夏回族自治区,中卫市,市辖区,1359,10,中央人民广播电台中国之声
1785,宁夏回族自治区,中卫市,市辖区,891,10,宁夏人民广播电台新闻广播
1786,宁夏回族自治区,中卫市,中宁县,639,1,中央人民广播电台中国之声
1787,宁夏回族自治区,中卫市,中宁县,1206,1,宁夏人民广播电台新闻广播
1788,新疆维吾尔自治区,阿克苏地区,阿克苏市,1359,10,中央人民广播电台中国之声
1789,新疆维吾尔自治区,阿克苏地区,阿克苏市,720,10,中央人民广播电台维吾尔语广播
1790,新疆维吾尔自治区,阿克苏地区,阿克苏市,1494,10,新疆人民广播电台汉语综合广播
1791,新疆维吾尔自治区,阿克苏地区,阿克苏市,1044,10,新疆人民广播电台维语综合广播
1792,新疆维吾尔自治区,阿克苏地区,拜城县,981,1,中央人民广播电台中国之声
1793,新疆维吾尔自治区,阿克苏地区,拜城县,738,1,新疆人民广播电台汉语综合广播
1794,新疆维吾尔自治区,阿克苏地区,拜城县,1305,1,中央人民广播电台民族之声
1795,新疆维吾尔自治区,阿克苏地区,拜城县,558,1,新疆人民广播电台维语综合广播
1796,新疆维吾尔自治区,阿克苏地区,库车县,639,1,中央人民广播电台中国之声
1797,新疆维吾尔自治区,阿克苏地区,库车县,999,1,新疆人民广播电台汉语综合广播
1798,新疆维吾尔自治区,阿克苏地区,库车县,1413,10,新疆人民广播电台维语综合广播
1799,新疆维吾尔自治区,阿克苏地区,库车县,945,1,中央人民广播电台维吾尔语广播
1800,新疆维吾尔自治区,阿勒泰地区,阿勒泰市,639,1,中央人民广播电台中国之声
1801,新疆维吾尔自治区,阿勒泰地区,阿勒泰市,675,1,新疆人民广播电台汉语综合广播
1802,新疆维吾尔自治区,阿勒泰地区,阿勒泰市,945,10,中央人民广播电台哈萨克语广播
1803,新疆维吾尔自治区,阿勒泰地区,阿勒泰市,972,1,新疆人民广播电台哈语综合广播
1804,新疆维吾尔自治区,阿勒泰地区,阿勒泰市,1071,1,阿勒泰人民广播电台哈萨克语综合广播
1805,新疆维吾尔自治区,阿勒泰地区,阿勒泰市,1494,10,中央人民广播电台维吾尔语广播
1806,新疆维吾尔自治区,阿勒泰地区,富蕴县,1359,1,中央人民广播电台中国之声
1807,新疆维吾尔自治区,阿勒泰地区,富蕴县,1260,10,中央人民广播电台哈萨克语广播
1808,新疆维吾尔自治区,阿勒泰地区,富蕴县,810,10,中央人民广播电台维吾尔语广播
1809,新疆维吾尔自治区,阿勒泰地区,富蕴县,1494,1,新疆人民广播电台汉语综合广播
1810,新疆维吾尔自治区,阿勒泰地区,富蕴县,963,1,新疆人民广播电台哈语综合广播
1811,新疆维吾尔自治区,阿勒泰地区,哈巴河县,963,1,新疆人民广播电台哈语综合广播
1812,新疆维吾尔自治区,阿勒泰地区,哈巴河县,1359,1,中央人民广播电台中国之声
1813,新疆维吾尔自治区,阿勒泰地区,哈巴河县,1269,10,中央人民广播电台哈萨克语广播
1814,新疆维吾尔自治区,阿勒泰地区,哈巴河县,1494,1,新疆人民广播电台汉语综合广播
1815,新疆维吾尔自治区,阿勒泰地区,青河县,639,1,中央人民广播电台中国之声
1816,新疆维吾尔自治区,阿勒泰地区,青河县,999,1,新疆人民广播电台汉语综合广播
1817,新疆维吾尔自治区,阿勒泰地区,青河县,1233,10,中央人民广播电台哈萨克语广播
1818,新疆维吾尔自治区,阿勒泰地区,青河县,1593,1,新疆人民广播电台蒙语综合广播
1819,新疆维吾尔自治区,巴音郭楞蒙古自治州,库尔勒市,720,10,中央人民广播电台维吾尔语广播
1820,新疆维吾尔自治区,巴音郭楞蒙古自治州,库尔勒市,810,1,库尔勒市人民广播电台
1821,新疆维吾尔自治区,巴音郭楞蒙古自治州,库尔勒市,1359,10,中央人民广播电台中国之声
1822,新疆维吾尔自治区,巴音郭楞蒙古自治州,库尔勒市,1494,10,新疆人民广播电台汉语综合广播
1823,新疆维吾尔自治区,巴音郭楞蒙古自治州,库尔勒市,1044,10,新疆人民广播电台维语综合广播
1824,新疆维吾尔自治区,巴音郭楞蒙古自治州,库尔勒市,1593,10,新疆人民广播电台蒙语
1825,新疆维吾尔自治区,巴音郭楞蒙古自治州,若羌县,639,1,中央人民广播电台中国之声
1826,新疆维吾尔自治区,巴音郭楞蒙古自治州,若羌县,1098,10,中央人民广播电台哈萨克语广播
1827,新疆维吾尔自治区,巴音郭楞蒙古自治州,若羌县,999,1,新疆人民广播电台汉语综合广播
1828,新疆维吾尔自治区,巴音郭楞蒙古自治州,若羌县,1413,1,新疆人民广播电台维语综合广播
1829,新疆维吾尔自治区,博尔塔拉蒙古自治州,博乐市,855,10,中央人民广播电台维吾尔语广播
1830,新疆维吾尔自治区,博尔塔拉蒙古自治州,博乐市,1503,10,中央人民广播电台维吾尔语广播
1831,新疆维吾尔自治区,博尔塔拉蒙古自治州,博乐市,855,10,中央人民广播电台哈萨克语广播
1832,新疆维吾尔自治区,博尔塔拉蒙古自治州,博乐市,639,10,中央人民广播电台中国之声
1833,新疆维吾尔自治区,博尔塔拉蒙古自治州,博乐市,1305,1,中央人民广播电台经济之声
1834,新疆维吾尔自治区,博尔塔拉蒙古自治州,博乐市,1026,1,中央人民广播电台民族之声
1835,新疆维吾尔自治区,博尔塔拉蒙古自治州,博乐市,999,10,新疆人民广播电台汉语综合广播
1836,新疆维吾尔自治区,博尔塔拉蒙古自治州,博乐市,909,10,新疆人民广播电台蒙语
1837,新疆维吾尔自治区,博尔塔拉蒙古自治州,博乐市,1233,10,新疆人民广播电台哈语综合广播
1838,新疆维吾尔自治区,博尔塔拉蒙古自治州,博乐市,1413,10,新疆人民广播电台维语综合广播
1839,新疆维吾尔自治区,昌吉回族自治州,昌吉市,873,1,昌吉回族自治州人民广播电台综合广播
1840,新疆维吾尔自治区,昌吉回族自治州,呼图壁县,738,100,新疆人民广播电台汉语综合广播
1841,新疆维吾尔自治区,昌吉回族自治州,呼图壁县,558,200,新疆人民广播电台维语综合广播
1842,新疆维吾尔自治区,昌吉回族自治州,呼图壁县,1107,100,新疆人民广播电台哈语综合广播
1843,新疆维吾尔自治区,昌吉回族自治州,呼图壁县,1233,10,中央人民广播电台维吾尔语广播
1844,新疆维吾尔自治区,昌吉回族自治州,呼图壁县,792,10,中央人民广播电台哈萨克语广播
1845,新疆维吾尔自治区,昌吉回族自治州,木垒哈萨克自治县,711,10,中央人民广播电台民族之声
1846,新疆维吾尔自治区,昌吉回族自治州,木垒哈萨克自治县,963,1,新疆人民广播电台哈语综合广播
1847,新疆维吾尔自治区,昌吉回族自治州,木垒哈萨克自治县,1359,1,中央人民广播电台中国之声
1848,新疆维吾尔自治区,昌吉回族自治州,木垒哈萨克自治县,1494,1,新疆人民广播电台汉语综合广播
1849,新疆维吾尔自治区,昌吉回族自治州,木垒哈萨克自治县,1539,10,中央人民广播电台维吾尔语广播
1850,新疆维吾尔自治区,哈密地区,巴里坤哈萨克自治县,738,1,新疆人民广播电台汉语综合广播
1851,新疆维吾尔自治区,哈密地区,巴里坤哈萨克自治县,855,10,中央人民广播电台维吾尔语广播
1852,新疆维吾尔自治区,哈密地区,巴里坤哈萨克自治县,981,1,中央人民广播电台中国之声
1853,新疆维吾尔自治区,哈密地区,巴里坤哈萨克自治县,1107,1,新疆人民广播电台哈语综合广播
1854,新疆维吾尔自治区,哈密地区,巴里坤哈萨克自治县,1503,1,中央人民广播电台维吾尔语广播
1855,新疆维吾尔自治区,哈密地区,哈密市,639,10,中央人民广播电台中国之声
1856,新疆维吾尔自治区,哈密地区,哈密市,774,10,中央人民广播电台维吾尔语广播
1857,新疆维吾尔自治区,哈密地区,哈密市,999,10,新疆人民广播电台汉语综合广播
1858,新疆维吾尔自治区,哈密地区,哈密市,1098,1,哈密人民广播电台综合广播（维语）
1859,新疆维吾尔自治区,哈密地区,哈密市,1413,10,新疆人民广播电台维语综合广播
1860,新疆维吾尔自治区,哈密地区,哈密市,1422,1,中央人民广播电台哈萨克语广播
1861,新疆维吾尔自治区,哈密地区,哈密市,1485,1,哈密人民广播电台综合广播（汉语）
1862,新疆维吾尔自治区,哈密地区,伊吾县,1359,1,中央人民广播电台中国之声
1863,新疆维吾尔自治区,哈密地区,伊吾县,1044,1,新疆人民广播电台维语综合广播
1864,新疆维吾尔自治区,哈密地区,伊吾县,1494,1,新疆人民广播电台汉语综合广播
1865,新疆维吾尔自治区,和田地区,和田市,1359,10,中央人民广播电台中国之声
1866,新疆维吾尔自治区,和田地区,和田市,720,10,中央人民广播电台维吾尔语广播
1867,新疆维吾尔自治区,和田地区,和田市,684,10,新疆人民广播电台汉语综合广播
1868,新疆维吾尔自治区,和田地区,和田市,846,10,新疆人民广播电台维语综合广播
1869,新疆维吾尔自治区,和田地区,和田市,774,10,和田人民广播电台汉语综合广播
1870,新疆维吾尔自治区,和田地区,和田市,1026,10,和田人民广播电台维语综合广播
1871,新疆维吾尔自治区,和田地区,皮山县,981,1,中央人民广播电台中国之声
1872,新疆维吾尔自治区,和田地区,皮山县,738,1,新疆人民广播电台汉语综合广播
1873,新疆维吾尔自治区,和田地区,皮山县,558,1,新疆人民广播电台维语综合广播
1874,新疆维吾尔自治区,和田地区,皮山县,855,1,中央人民广播电台维吾尔语广播
1875,新疆维吾尔自治区,和田地区,于田县,981,1,中央人民广播电台中国之声
1876,新疆维吾尔自治区,和田地区,于田县,738,1,新疆人民广播电台汉语综合广播
1877,新疆维吾尔自治区,和田地区,于田县,558,1,新疆人民广播电台维语综合广播
1878,新疆维吾尔自治区,和田地区,于田县,855,1,中央人民广播电台维吾尔语广播
1879,新疆维吾尔自治区,喀什地区,巴楚县,1206,1,中央人民广播电台维吾尔语广播
1880,新疆维吾尔自治区,喀什地区,巴楚县,1359,1,中央人民广播电台中国之声
1881,新疆维吾尔自治区,喀什地区,巴楚县,1494,1,新疆人民广播电台汉语综合广播
1882,新疆维吾尔自治区,喀什地区,巴楚县,1044,1,新疆人民广播电台维语综合广播
1883,新疆维吾尔自治区,喀什地区,巴楚县,630,1,中央人民广播电台经济之声
1884,新疆维吾尔自治区,喀什地区,喀什市,900,1,中央人民广播电台中国之声
1885,新疆维吾尔自治区,喀什地区,喀什市,720,10,中央人民广播电台维吾尔语广播
1886,新疆维吾尔自治区,喀什地区,喀什市,801,1,喀什市广播电视台
1887,新疆维吾尔自治区,喀什地区,喀什市,1143,1,新疆人民广播电台维语综合广播
1888,新疆维吾尔自治区,喀什地区,莎车县,639,1,中央人民广播电台中国之声
1889,新疆维吾尔自治区,喀什地区,莎车县,999,1,新疆人民广播电台汉语综合广播
1890,新疆维吾尔自治区,喀什地区,莎车县,1413,10,新疆人民广播电台维语综合广播
1891,新疆维吾尔自治区,喀什地区,莎车县,945,1,中央人民广播电台维吾尔语广播
1892,新疆维吾尔自治区,喀什地区,疏附县,738,10,新疆人民广播电台汉语综合广播
1893,新疆维吾尔自治区,喀什地区,疏附县,558,10,新疆人民广播电台维语综合广播
1894,新疆维吾尔自治区,喀什地区,疏附县,1422,600,中央人民广播电台中国之声
1895,新疆维吾尔自治区,喀什地区,疏附县,981,10,中央人民广播电台中国之声
1896,新疆维吾尔自治区,喀什地区,塔什库尔干塔吉克自治县,981,1,中央人民广播电台中国之声
1897,新疆维吾尔自治区,喀什地区,塔什库尔干塔吉克自治县,630,1,中央人民广播电台民族之声
1898,新疆维吾尔自治区,喀什地区,塔什库尔干塔吉克自治县,1494,1,新疆人民广播电台汉语综合广播
1899,新疆维吾尔自治区,喀什地区,塔什库尔干塔吉克自治县,1044,1,新疆人民广播电台维语综合广播
1900,新疆维吾尔自治区,克拉玛依市,克拉玛依区,720,1,中央人民广播电台哈萨克语广播
1901,新疆维吾尔自治区,克拉玛依市,克拉玛依区,1143,1,中央人民广播电台维吾尔语广播
1902,新疆维吾尔自治区,克拉玛依市,克拉玛依区,1368,1,中央人民广播电台中国之声
1903,新疆维吾尔自治区,克拉玛依市,克拉玛依区,603,3,新疆人民广播电台维语综合广播
1904,新疆维吾尔自治区,克拉玛依市,克拉玛依区,882,1,克拉玛依人民广播电台综合广播（维语）
1905,新疆维吾尔自治区,克拉玛依市,克拉玛依区,1179,1,克拉玛依人民广播电台综合广播（汉语）
1906,新疆维吾尔自治区,克孜勒苏柯尔克孜自治州,阿合奇县,639,1,中央人民广播电台中国之声
1907,新疆维吾尔自治区,克孜勒苏柯尔克孜自治州,阿合奇县,882,1,新疆人民广播电台柯语
1908,新疆维吾尔自治区,克孜勒苏柯尔克孜自治州,阿合奇县,945,1,中央人民广播电台维吾尔语广播
1909,新疆维吾尔自治区,克孜勒苏柯尔克孜自治州,阿图什市,855,10,中央人民广播电台维吾尔语广播
1910,新疆维吾尔自治区,克孜勒苏柯尔克孜自治州,阿图什市,684,10,新疆人民广播电台柯语
1911,新疆维吾尔自治区,克孜勒苏柯尔克孜自治州,阿图什市,1098,10,新疆人民广播电台汉语综合广播
1912,新疆维吾尔自治区,克孜勒苏柯尔克孜自治州,阿图什市,1143,1,阿图什市广播电视台
1913,新疆维吾尔自治区,克孜勒苏柯尔克孜自治州,乌恰县,1098,1,中央人民广播电台哈萨克语广播
1914,新疆维吾尔自治区,克孜勒苏柯尔克孜自治州,乌恰县,603,1,新疆人民广播电台汉语综合广播
1915,新疆维吾尔自治区,克孜勒苏柯尔克孜自治州,乌恰县,765,1,中央人民广播电台中国之声
1916,新疆维吾尔自治区,克孜勒苏柯尔克孜自治州,乌恰县,1044,1,新疆人民广播电台维语综合广播
1917,新疆维吾尔自治区,克孜勒苏柯尔克孜自治州,乌恰县,1233,1,新疆人民广播电台柯语
1918,新疆维吾尔自治区,塔城地区,和布克赛尔蒙古自治县,1098,1,中央人民广播电台哈萨克语广播
1919,新疆维吾尔自治区,塔城地区,和布克赛尔蒙古自治县,738,1,中央人民广播电台维吾尔语广播
1920,新疆维吾尔自治区,塔城地区,和布克赛尔蒙古自治县,639,1,中央人民广播电台中国之声
1921,新疆维吾尔自治区,塔城地区,和布克赛尔蒙古自治县,909,1,新疆人民广播电台蒙语
1922,新疆维吾尔自治区,塔城地区,塔城市,1359,10,中央人民广播电台中国之声
1923,新疆维吾尔自治区,塔城地区,塔城市,1494,10,新疆人民广播电台汉语综合广播
1924,新疆维吾尔自治区,塔城地区,塔城市,1044,10,新疆人民广播电台维语综合广播
1925,新疆维吾尔自治区,塔城地区,塔城市,963,10,新疆人民广播电台哈语综合广播
1926,新疆维吾尔自治区,塔城地区,塔城市,1503,1,中央人民广播电台维吾尔语广播
1927,新疆维吾尔自治区,塔城地区,塔城市,720,1,中央人民广播电台哈萨克语广播
1928,新疆维吾尔自治区,吐鲁番地区,吐鲁番市,1422,1,中央人民广播电台哈萨克语广播
1929,新疆维吾尔自治区,吐鲁番地区,吐鲁番市,1359,1,中央人民广播电台中国之声
1930,新疆维吾尔自治区,吐鲁番地区,吐鲁番市,1044,1,新疆人民广播电台维语综合广播
1931,新疆维吾尔自治区,吐鲁番地区,吐鲁番市,1494,1,新疆人民广播电台汉语综合广播
1932,新疆维吾尔自治区,乌鲁木齐市,市辖区,1008,1,中央人民广播电台民族之声（维语）
1933,新疆维吾尔自治区,乌鲁木齐市,市辖区,927,10,乌鲁木齐人民广播电台经济广播
1934,新疆维吾尔自治区,乌鲁木齐市,水磨沟区,1071,10,乌鲁木齐人民广播电台维吾尔语广播
1935,新疆维吾尔自治区,乌鲁木齐市,水磨沟区,792,10,乌鲁木齐人民广播电台综合广播
1936,新疆维吾尔自治区,乌鲁木齐市,天山区,981,10,中央人民广播电台中国之声
1937,新疆维吾尔自治区,乌鲁木齐市,天山区,630,10,中央人民广播电台经济之声
1938,新疆维吾尔自治区,乌鲁木齐市,天山区,855,10,新疆人民广播电台维语综合广播
1939,新疆维吾尔自治区,乌鲁木齐市,天山区,702,10,新疆人民广播电台汉语综合广播
1940,新疆维吾尔自治区,乌鲁木齐市,天山区,1233,10,新疆人民广播电台蒙语综合广播
1941,新疆维吾尔自治区,乌鲁木齐市,天山区,1044,10,新疆人民广播电台哈语综合广播
1942,新疆维吾尔自治区,伊犁哈萨克自治州,奎屯市,1485,3,奎屯市广播电视台
1943,新疆维吾尔自治区,伊犁哈萨克自治州,新源县,855,1,中央人民广播电台维吾尔语广播
1944,新疆维吾尔自治区,伊犁哈萨克自治州,新源县,1413,10,中央人民广播电台维吾尔语广播
1945,新疆维吾尔自治区,伊犁哈萨克自治州,新源县,639,1,中央人民广播电台中国之声
1946,新疆维吾尔自治区,伊犁哈萨克自治州,新源县,999,1,新疆人民广播电台汉语综合广播
1947,新疆维吾尔自治区,伊犁哈萨克自治州,新源县,1233,1,新疆人民广播电台哈语综合广播
1948,新疆维吾尔自治区,伊犁哈萨克自治州,伊宁市,1143,1,中央人民广播电台维吾尔语广播
1949,新疆维吾尔自治区,伊犁哈萨克自治州,伊宁市,1134,3,伊犁哈萨克自治州人民广播电台汉语综合广播
1950,新疆维吾尔自治区,伊犁哈萨克自治州,伊宁市,603,3,伊犁哈萨克自治州人民广播电台维语综合广播
1951,新疆维吾尔自治区,伊犁哈萨克自治州,伊宁市,747,1,伊犁哈萨克自治州人民广播电台汉语经济广播
1952,新疆维吾尔自治区,伊犁哈萨克自治州,伊宁市,882,3,伊犁哈萨克自治州人民广播电台哈语综合广播
1953,新疆维吾尔自治区,伊犁哈萨克自治州,伊宁市,1359,10,中央人民广播电台中国之声
1954,新疆维吾尔自治区,伊犁哈萨克自治州,伊宁市,720,10,中央人民广播电台维吾尔语广播
1955,新疆维吾尔自治区,伊犁哈萨克自治州,伊宁市,1044,10,新疆人民广播电台维语综合广播
1956,新疆维吾尔自治区,伊犁哈萨克自治州,伊宁市,963,10,新疆人民广播电台哈语综合广播
1957,新疆维吾尔自治区,伊犁哈萨克自治州,伊宁市,1494,10,新疆人民广播电台汉语综合广播
1958,新疆维吾尔自治区,伊犁哈萨克自治州,昭苏县,639,1,中央人民广播电台中国之声
1959,新疆维吾尔自治区,伊犁哈萨克自治州,昭苏县,738,1,中央人民广播电台维吾尔语广播
1960,新疆维吾尔自治区,伊犁哈萨克自治州,昭苏县,909,1,新疆人民广播电台蒙语
1961,新疆维吾尔自治区,伊犁哈萨克自治州,昭苏县,999,1,新疆人民广播电台汉语综合广播
1962,新疆维吾尔自治区,伊犁哈萨克自治州,昭苏县,1233,1,新疆人民广播电台哈语综合广播
1963,新疆维吾尔自治区,伊犁哈萨克自治州,昭苏县,1098,1,中央人民广播电台哈萨克语广播
1964,新疆维吾尔自治区,自治区直辖县级行政单位,石河子市,1503,1,中央人民广播电台维吾尔语广播
1965,新疆维吾尔自治区,自治区直辖县级行政单位,石河子市,1215,1,中央人民广播电台经济之声
1966,新疆维吾尔自治区,自治区直辖县级行政单位,石河子市,1143,1,中央人民广播电台娱乐广播
1967,新疆维吾尔自治区,自治区直辖县级行政单位,石河子市,891,1,石河子人民广播电台综合广播
1968,新疆维吾尔自治区,自治区直辖县级行政单位,石河子市,603,1,石河子人民广播电台经济广播
